문장	여성/가족	남성	성소수자	인종/국적	연령	지역	종교	기타 혐오	악플/욕설	clean
드디어 나왔습니다.
피코파크2!
킹코킹크2가 나올 줄이야.
협동 게임이죠?
옛날에 주황색 생각나네.
아, 그립다.
주황이 잘 지내지?
또 어떤 난관이 기다리고 있을지 궁금하군요.
가보겠습니다.
큰일 났다!
큰 거 온다, 크크!
자, 제가 파란색이고요.
반갑다, 친구들아.
머리 위에 올라가지 마!
아, 게임 시작!
가보자.
협동 잘해야 돼, 얘들아.
자, 머리 위에 올라가자.
가라 가라 노예야
야 이거 계단 만들어봐 아니 얘들아 여기서부터 계단을 만들어야지
아니 다 뒤로 가봐
아니 야 일단 계단을 야 아니 비켜봐 올라가지마봐 점프 안되잖아 나와 가라고 가라고 아니 여기다가 쌓으라고 여기다가 여기여기여기 아니 너는 왜 안와
빨리 와
아니 초록아 니가 왼쪽으로 좀 가야지
애들이 탈거 아니야
아 화내지 말아야지 벌써 화내면 큰일나는데 이거 안되는데 이거 야 빨간색아 얘는 점프욕이 낮은거야
뭐야
얘는 왜 이러는거야 점프해 그냥 우리가 앞으로 갔다 대줄테니까 그래 가 버튼 눌러 빨강아 알겠어
알겠어
잘했어
잘했어
이렇게 하나씩 올라가 있어야 되나 보다
아 노란색 나와 죄송합니다
소리 좀 마셔 올려줘 올려줘 그렇지 키를 가지고 가가가가가가가가가가 5 4 3 1 5 4 3 1 여기다 여기잖아 이 멍청이들아 가자
쟤네 진짜 어 그렇지 천천히 해서 와
그렇지 야 나 가 내가 눌렀으니까 가
너 가라고 회색 가 고 그래 다시 같이 가자 나도 간다
고 빨강아 제발 부탁인데 가라고 앞에서 길 막지 말고 빨간색 저거 진짜 어떡하지 빨리빨리 가줘야지 갈 거 아니야
그래 문 열어봐
제발 문을 열어 비켜야 문을 열지 얘들아 머리 위에서 나와야지.
그렇지!
어우 잘했어요.
다들 너무 잘한다.
자 2번.
침착해
얘들아.
할 수 있다.
일단 이리로 가서 요거를 7명이서 밀어야 돼요.
누가 죽었죠?
야 빨간색!
침착해, 침착해.
자 7명이 올라가야 돼요
저기에.
그래서 밀어서 가져와.
그렇지.
야 강아지 한 8마리 키우면 이렇게 될까?
어?
아니면 고양이 8마리 키우면 이런 느낌?
빨..
좀 제발!
야!
저 새끼 묶어!
자, 밀고 코드를 냅두고 가지 마, 점프하지 마!
그래서 여기서 밀어.
어?
아니 아니 아니 아니!
어, 밀어 밀어 밀어.
머리 위에다 씌워야 되나 보다.
야, 나와봐!
나오라고!
너 일로 나와!
자, 내 머리 위에다 올려줘.
그렇지, 내가 처리하고 올게.
가자!
얘들아 가자 가자 가자 가자 가자 가자 가자 가자 가자 가자 가자
좋아
좋아
좋아
좋아
좋아
오케이 자 올라가 올라가서 여기 가져와요
여기서 가져와 계단 만들기 정도는 우리가 이 정도는 할 수 있잖아
그지?
그렇지 열어 열어 열어 아 나와 나와봐 문 열게 야
지금 이제 2탄이야
이런 식으로 하면 안 돼
야 나 점프가 안 되거든?
좀 가줄래?
아 들어올 수 있지
옆에 새끼로 그렇지!
살짝!
몸을 얇게 만들어가지고 위로!
그렇지!
잘했어요, 잘했어요.
아, 속 터져.
오케이, 3탄 가자.
할 수 있어!
잘하고 있어.
속만 안 터지면 돼.
가자.
뭐야, 이거.
우와, 우와.
야, 더 밀어, 더 밀어.
그렇지, 더 밀어.
아, 연속으로 따다다다다 밀어야 된다, 이거.
금방 다시 돌아오거든, 얘가?
아니, 나와봐 봐.
야, 야, 야, 얘들아.
줄 서봐.
아...
으악!
우주 악마를 천사로 만들 수도 악마로 만들 수도 있습니다
알겠습니까 빨간색 내 뒤로 줄서 뒤로 가 정확히 날 따라합니다
알겠습니까 3 2 1 고 1 2 3 4 5 6 7 8 아하하하 너무 빨랐어
지금 이 템포가 빨랐어 그러니까 조금 천천히 퉁 퉁 퉁 퉁 이런 느낌으로 가야 되거든
박자를 맞춰야 돼 뭔 말인지 알겠지
다시 해봐 다시 해봐 퉁 퉁 중간중간에 이렇게 빨리 뛰는 새끼들 누구야
이거 강퇴 없어?
야 강퇴 있다 조심해라
강제 퇴장하면 어떻게 돼
야 나 강퇴 권한 있다 지금부터 똑바로 안 하는 새끼들 메모장에 체크하라씩 해가지고 좀 이따가 투표해가지고 강퇴할 거야
여러분들이 좀 이따 투표할 거예요
누구 강퇴할지 자 가자 통 통 통 통 통 비켜주고 그렇지
한 번 더 한 번, 라스트!
다시, 다시, 다시.
통, 하나, 둘.
통, 하나, 둘.
한 번, 마지막 라스트!
한 번 더!
한 번, 야!
한 번 더 해야 되나 보다, 이거!
야야야, 계속 가세!
계속 가!
계속 가!
계속 가!
계속 가!
계속 가!
야야야!
야야야!
아니야, 이제 알았어.
아, 아우, 뒷목.
아, 여러분!
아!
계속 해야 되네.
이제 이해했지?
계속 와야 돼.
가고, 가고.
가!
가!
아, 제발!
아, 가!
아!
진짜 누구야!
야 여기 있던데 누구야!
왜 빨리빨리 안 가냐
이거!
타이밍 잘 맞춰야 된다니까!
그렇지!
기다리고 밟고 올라가고!
기다리고 그렇지!
밟고 올라가고!
기다리고 그렇지!
밟고 올라가고!
기다리고 그렇지!
밟고 올라가고!
기다리고 그렇지!
밟고 올라가고!
기다리고 그렇지!
밟고 올라가고!
그렇지!
이거야!
됐어!
가!
팀플 찢었다!
오케이 얘들아!
4번이다
마지막이야.
1회 마지막이야.
가자!
팀플이 내 혈압을 찢었다고?
아 팀플을 찢은 게 아니라?
탑 쌓는 거 알지?
탑 하면은 이제 우리가 또 잘 쌓잖아, 이제.
초록색, 내 마음속에 저장.
이거 일단 탑을 쌓아서 여기로 점프 뛰어 넘어가자.
여기까지 가봐, 여기까지 가봐.
이거에 안 맞을 수 있잖아.
점프.
그렇지.
가서.
그만 가, 빨간색.
어, 됐어.
아니야, 죽으면 안 돼.
아, 제발.
아, 보라색 점프하지 마.
하지 마, 하지 마, 하지 마.
미안.
보라색 미안?
사람 죽여놓고 미안이면 다야?
어?
사과하면 다야?
아, 아, 죄송합니다.
집착할게요.
회색만 가봐.
어떻게 되나 보자.
어 어떻게 되나 보자 그 다음에 이걸 눌러야 되네
이거 한번 해봐
너 이거 한번 타봐 회색아 너 이거 한번 타봐 더 가 더 가
그냥 가
그냥 가봐 가봐
내가 간다 탑 세워 탑 세워 탑 세워봐
이게 다 같이 가서 다 눌러야 되네 봐봐 하나 둘 셋 넷 다 여 일곱을 눌러서 해야 되네
그치 와 이거 미쳤다
어떻게 다 눌러 봐봐
어 해봐
어 여기로 가 여기로 가
너 여기로 가
어 여기 가 여기 가 너 여기 가 됐어
됐어
그렇지
아 잠깐만 뭐 어떻게 해야 돼
너 나와
이거 밟고 그렇지 얘 살려 야 이거 이건 거 같은데 아 초록색 제발 아 괜찮아 야
얘들아 처음 치곤 잘했어 다시 해보자 안에 애들 꺼내고 나가자 각자의 위치로 각자의 위치로 가지고 노란색 너 어디가 너의 위치를 찾아 정신 차려 노란색 거기 왜 여기 뭐 노란색 열쇠 먹으려고?
너 주인공 병 있지?
오케이 이제 나오고 먼저 나오고 아 거 제발 아 빨간 제발 아 어 내 심장 오케이 고고고고 좋아
좋아
자 사탕까지 닦겠다 와우 월드 클리어 아 이제 2레벨이야?
2번 간다 할 수 있지
어 뭐야 이거 야야야 우리 줄에 연결되니까 실득이다
야 점프를 잘해야지 하나씩 템포 템포 착착착착 이렇게 점프해야 돼
내가 먼저 할게 착착착착 야 이게 줄이 어느 정도까지가 늘어나는 그게 있네
고무줄인가 보다 줄에 장력이 있거든 앞으로 좀 붙여주고 붙여주고 그렇지
그렇지
아야 초록색아 그래 앞으로 미리 가지 말고 야 다 뒤로 붙어 시작하면 다 뒤로 붙어 장력이 있단 말이야
이게 장력을 조심하라고 각자 줄이 얼만큼 늘어나는지 적당히 생각을 해준 다음에 점프하고 너무 앞으로 멀리 가지 말고 그렇다고 뒤로 와가지고 밀어가지고 갈 공간이 없게 말리지 말고 적당히 거리를 유지해 미안 오케이 칠 쓰지 말고 그렇지 가가가가가가가가가 가라고 좋아 7시간 있으면 가라고 뒤에서 쫓아오니까 그래 스톱 너 내려가 보라색 내려가 앞으로 땡겨
이거 장력 있잖아
앞으로 땡겨 가 살려 살리라고 그래 땡겨 야!
살릴 수 있다!
다시 가봐, 노란색아.
아니, 얘들아.
아니, 봐봐.
앞으로 쫙 붙어봐봐.
가만히 있어, 가만히 있어.
빨간색 깝치지 마.
목도리 도마뱀이야?
깝치지 마.
노랑아 점프해봐.
점프할 때 내가 앞으로 조금씩 가줄게.
딜이 아마 내가 가줘야 되는 거 같...
돼!
갔는데?
나 갔는데?
야, 이거 안 된다.
야, 이거 아니야.
야, 계란 쌓자.
오케이, 알았어.
나도 알아.
한 번 해본 거야.
되나?
한 번 해봤어.
그래, 그래.
그래, 그냥 뛰어.
그냥 끌고 가, 그냥.
좋았어.
야 실등이 꼬인다.
실 꼬인다.
그러지 마.
좋아.
봐봐.
쌓아야지 탑을.
아니 근데 어디까지 쌓을 거야?
야 나야 내가 야 이거를 그렇지 뭐 땡겨X4 그래 이거야.
바로 이거야.
실을 꼬아서 땡겨서 야 이제 줄 맞추자.
아 별 만들지 말고!
스톱x5 아니야x2 그냥 나 혼자 갈 거야.
다 같이 탑 쌓는 거 아닌 거 같아.
그거 다 떨어져.
앞에 4명이 여기 4명 위에 올라가 보자.
보라색이 분홍색 위에 올라가 봐.
회색 가만히 있어.
회색은 다시 가. 회색 다시 가. 별 만들지 마.
아니 회색 자리로 들어가.
빨간색이 그 다음에 아니 회색!
회!
새끼야!
들어가!
됐어
x3 아니야
x3 3인!
아니야x4 가만있어 가만있어.
노란색 올라와봐.
노란색 내려봐.
너, 너, 너, 너 내려와.
희생 들어가.
희생 나와.
빨간 들어가.
오케이, 노란색 들어가.
가!
가!
자자자.
가!
가!
그렇지!
그렇지!
그렇지!
땡겨!
땡겨!
좁아졌다!
여기 왜 그렸어?
땡겨!
아 야 나 목 쉴 거 같아.
아 너무 힘들어.
좁으러 가서 너무 힘들어.
이제 설명 안 해도 되잖아.
이 정도는 할 수 있잖아.
그렇지?
어 그냥...
됐다, 땡겨.
야 다시 다시 꼬였잖아
지금 나와 나와 야 줄 맞춰 줄 맞춰 아까 했잖아
우리 가가가가가가가가가가가가가가가가 야 이거 그거네 일렬로 만들어야 되겠다
이거 다시 하자 할 수 있다
이 새끼들 가만히 있어라
좀 제발 할 수 있다 가만히 있어라
노란색이 이제 앞으로 갑니다
오케이 이제 내려놓으시면 알아서 땡겨오면 됩니다
좋습니다
좋습니다
들어갑니다
오케이 잘했어
됐어
야야야야 건드리지 말라고 써있잖아 가만히 좀 있어라 가만히 한번에 깨보자 한번 좀 멈춰봐봐 서로 건드리지 말고 조금씩 조금씩 움직여 거리 유지하란 말이야
우리 겪었잖아
노란색 손가락 어떻게 된거 아니야?
아니 너네 붙었잖아
지금 빨간이랑 안 붙겠다 피 얼마 안 남았어도 컨트롤을 통해서 충분히 할 수가 있어요
그런 다음에 탐색이 앞으로 뭘 꼴아봐 멈춰 뭘 멈춰 이 새끼야 여기가 지금 얼음이라서 미끄러지는구만
조심조심해야겠네
잘했어 멈춰
알았어
뭘 이렇게 갈고 나 어떡하냐
아 노랑아 너만 뭐 키보드 뭐 개큰걸로 하니?
오케이 잘했어
아 여기는 어려워 미끄럽네 좋아 힘내 화이팅 화이팅 화이팅 능숙하다
어 다시 해봐 다시 하면 돼 다시 해봐가 뭐 그냥 치트키야
아 노란색 아 노란색 자꾸 나한테 멈추래
이 새끼 불안한가봐
아 노란색이 지금 올라가면은 내가 봤을 땐 좀 위험해 좀 기다려야 돼
이 새끼 앞으로 간 다음에 갈지 이게 막 갈 거 같아 천천히 하면 되는데 그걸 또 가자마자 바로 점프해가지고 또 막 갈 거 같아
야 이거 나도 올라가야 되나 보다
이쪽으로 좀 와봐
이렇게 오라고 보라색 이리로 오라고 이렇게 조금씩 오라고 아아아아아아 주황색 제발 급발진하지마
아아 초록색 좀 와봐
아니 그니까 이게 체력이 있는 이유가 그거야
조금 부딪히더라도 맨 마지막에 있는 내가 올라가야 되나 봐 앞에 애들이 체력을 덜 써야 되고 어, 할 수 있어.
됐다.
아, 됐다.
제발 노랑아, 제발 가만히 좀 침착해.
제발 노랑아!
제발 좀 침착해, 제발.
막 누르지 말고, 제발.
야, 너 무슨 귀신봉 고양이처럼 그러냐?
좀 침착해.
제발 노랑아, 가만히 좀.
그냥 점프하지 말고 살짝, 살짝씩만 눌러.
제발 제발 막 누르지 말고 그냥 한 번 누르고 기다려.
내가 컬링볼이다
생각하란 말이야.
그렇지.
막 하지 말고 또 저거 나왔다고 천천히.
그렇지.
노랑이 너무 불안해.
저 새끼 저거.
뭐야.
왜 안 죽었어.
어떻게 된 거야.
아 목 아파.
공중부양.
나 이걸 왜 이렇게 힘들게 해야 되는지.
오케이.
노랑이 멈춰기야.
잘했다 잘했다.
와 노랑이 덕분에 손에 땀났다 와
어 또 연결된 거다
이전에 노랑이로 왔니 주황아?
이제 이 정도는 우리 달인이지?
우리 이제 엽동심을 지금 얼마나 길렀어
지금 그지?
이 정도는 뭐 지금 그냥 장난 아니지?
할 수 있지?
가고 가고 가고 가고 가고 가고 그렇지 개 같은 것들 진짜 아니 왜 저럴까?
아니 야 우와 그냥 야 이게 줬잖아
가만히 있어
그냥 점프하면 되잖아 일렬로 세워주셨네
이렇게 할 거야?
이것도 계단을 쌓아서 가야 돼?
아..
씨..
넌 그냥 거기 매달려서 와.
허어..?
넌 그냥 거기 매달려서 와.
뭐가 안 돼?
와아아아아.
아아악!
뭐야?
어?
야, 잠깐x3 이게 한 명을 여기에 떨궈가지고 컨트롤 해야 되네.
한 명 내려가 초록색.
야야야야야야야야야 잠깐만x3 그렇게 하면 안 되지.
내가아아아아악!
야야야.
가운데 애를 떨궈야 돼, 가운데 애를.
가운데 애를 떨궈야 된다고.
아니야, 아니야.
어?
아니야.
아니야, 아니야, 아니야, 아니야.
나 올려 나 살려 못살려 그냥 죽여 죽여 그냥 자 노란색 여기 써 노랑 노랑 어 거기 가만히 있어 가만히 있어
나 좀 놔줘봐
나 좀 놔 회색 놔와 주황색 여기 주황색 여기 주황색 여기 아니 보라색은 여기 이대로 빨간색이랑 주황색이가 아 빨 아 주황 아 초록색 빨간색 분홍색 회색 여기로 넘어가세요
그리고 노란색은 좀 거리 좀 맞춰주세요
거기 계세요 거기 계세요 그리고 주황색 내려가세요
땅으로 이제 번지점프 하세요
주황색 내려가세요
너가 키포인트에요
오케이 이대로 이대로 이대로 이거 땡겨 땡기면서 땡기면서 땡기면서 그렇지 땡기면서 그렇지 땡기면서 이제 넌 일로 와야지 회색 너 내려가면 안 돼 회색 살려봐봐
회색 회색 살려야 돼 회색 살려 회색 살려 지금 어떻게 하는지 알겠지?
밑에 내려간 친구를 회색이 내려 주황색이 내려가봐봐
그리고 우리는 양옆에서 잘 찢어줘야 돼 회색이 내려갈 수 있게 여기까지 가줄까
우리?
회색이 내려가고 오케이 찢어 그냥 찢어 됐어
됐잖아
이제 먹어 이거 먹어 너희 둘이 잘해야 돼
핑크랑 주황이 잘해야 돼
먹어 찢어 찢어버려 사지를 찢는다는 느낌으로 찢어
그렇지 좋아 됐어
그 다음 올라가 됐어
됐어
가 이제 살려 가 이제 됐어 살살 됐어
어 잘했다 자 4번 할 수 있지 할 수 있지 할 수 있어?
야 프로처럼 해보자 프로답게 자 어떻게 하면 되겠어?
자 가만히 있고 다 왼쪽으로 가야 돼요
그래야지 넘어갈 수가 있어요
그러면 순서대로 가야겠죠
빨간색 오른쪽으로 좀 붙여보세요 그냥 죽어 그냥 죽어 죽어 죽어 전부 다 오른쪽으로 부딪히지 않게 붙도록 하겠습니다
그냥 멈추세요
제발 멈추세요
제발 회색님아 너가 가만히 멈춰있은 다음에 가면 되잖아요
그리고 무빙을 조금씩 살살 천천히 하세요
조금씩 그렇죠
그렇죠
좋아요
그 다음 분홍색 넘어가세요
분홍색 넘어가시라고 분홍색 넘어가시라고 더 가시라고 더 더 더 더 더 가시라고 분홍색 더 가시라고 왜 저래
그 다음에 보라색이 밀 수 있어요
똑같은 색깔이니까 그런 다음에 보라색 좀 빠져 계시고 아니면 빠지지 말던가 아니면 올라가서 그냥 점프를 하시던가 딱딱, 딱딱, 딱딱 한 다음에 딱딱 하면 되잖아요
노란색 정신 차려!
뒤지기 싫으면 딱 잡으라고 노란색이!
딱 잡기 하라고!
노란색 이 새끼 몽둥이 가져와.
어이구 그거를 또 밟으면서 그거를 못 피해가지고 그거를 어?
이렇게 피하면 되는걸 그거를 또 건드리고 가냐!
으으으으 조심성이라거나 그냥 1도 없는 남자!
여기서 점프면 되잖아요
여기서!
집중하고 자기 캐릭터만 봐.
또 앞은 생각 안 하고 앞으로 막 가지 말고.
멈춰.
저거 다시 돌아오는 거였어?
아 보라색 개불쌍하네.
멈춰 외쳤는데.
빨리 가야 되나?
야 준비했다가 빨리 가자.
준비했다가 빨리 가자.
야 얘들아 준비했다가 빨리 가야 되는 거 같아.
아휴 씨.
아휴 쌍!
죄송합니다.
너무 화가 나잖아요!
몇 번을 했는데 이거를!
너무 열이 받아서 그만.
아유 죄송합니다.
부딪치지 마!
거기서 제발!
제발!
제발!
부딪치지 않아야 돼
얘들아.
정신 차려.
부딪치면 안 돼.
아니 왜 이렇게 앞으로 바짝 붙이냐.
천천히 가야되는데 아아아아아아아아 이게 뭐야 뒤로 가야될거 아니야
난 떨어지는데 왜 이렇게 앞으로 붙어가지고 그러는거야 다시 해보자 뛰어 호 보라색에 생각이 있겠지 기다려봐 그래
좋아 얼마나 좋아
지금 노란색 좋아 잘했어 호 오우 잘했다 잘했어
미친 어떻게 저걸 살수있지
계단 한 칸당 하나씩 느낌 오잖아.
그리고 이 선풍기 위에 6명 딱 올라가야 돼.
괜히 앞으로 가서 깝치지 말고 뒤에 딱딱딱딱 붙어있어.
앞으로 붙이지 마.
뒤로 와, 뒤로 와.
뒤로 와, 더 뒤로 와, 뒤로 와.
뒤쪽으로 땡겨, 땡겨, 땡겨.
보라색 땡겨.
야, 노란색 그냥...
이 새끼 그냥...
야, 제발 우리...
아!
아, 제발 가만!
투표 들어가.
나만큼 집중 안 하지, 다들?
나 지금 눈에 지금 빛나고 있어.
레이저 쏘고 있어
지금.
미친 집중하고 있어.
좋아.
가만히 있어.
자, 비켜줘.
내려갈게.
비켜줘
좀.
비켜봐.
그래, 그래, 그래.
그래.
어이구.
좋아, 좋아.
잘했어.
빨리 열어, 빨리 열어.
어휴.
아, 야.
나 왜 나왔어?
야, 들어갔다 나오는 게 있어?
아!
하지 마, 진짜.
야 투표.
안 됐어.
자 여러분들 강퇴하고 싶은 색깔을 채팅창에 쳐주세요.
파랑.
파랑?
파랑 그냥 파랑.
파랑 파랑 파랑.
파랑.
불쌍해.
형 돌아와.
잘한대
애들이.
남자가 칼을 뽑았으면 끝을 봐야지.
칼을 뽑았으면 너의 끝을 볼 수도 있어.
조심해.
나 우주하마 성대인데 찢어졌다.
고맙습니다.
나 깁스하고 있지만 열심히 해서 오늘 도레미님 감사 깁스하고 했다고?
이 새끼.
깁스 안 했기만 해.
우주하마 우주랑 하마를 합치면 우주하마 목돌이랑 도마뱀을 합치면 목돼도마뱀 나
