sentence	source	label
10점 올라가야 돼	audio_7	
13T 편집자 이거 진짜 범인 찾아주세요 지금 아니야	audio_5	
13살이랑 3배 차이야	audio_9	
13살이요	audio_9	
17인데 아 미안하다	audio_10	
1대 11 됐다	audio_10	
1등 띠리빠빠빠빅air 지금 우리 스쿼드 굉장히 잘하거든요	audio_8	
1등 한 사람 제가 치킨 사도록 하겠습니다	audio_1	
1등 할 수 있어 그냥 몰래 돌리자 그게 맞다	audio_9	
1등 해라	audio_8	
1등 해야 돼	audio_9	
1등은 누구죠	audio_2	
1라운드	audio_2	
1명도 걸리면 안 된다는 얘기네	audio_6	
1분 1분 동안 가만히 있겠습니다	audio_6	
1회 마지막이야	audio_3	
2 roku 전에 으 eyes 어디까지 내려가는 거예요	audio_7	
2 양쪽 언니 술술 온다	audio_6	
2 어 내가 갈게	audio_5	
2 자성이 아 저기 쭉	audio_7	
2를 누르면 줄을 잡아서 땡길 줄 정리를 할 수가 있습니다	audio_4	
2번 2번이죠	audio_10	
2번 간다 할 수 있지	audio_3	
2번 여러가지 갈래가 가있는 곳은 무조건 직진으로 가는거야	audio_10	
2번입니다	audio_10	
2천 미터까지만 가보자 오케이 1점	audio_7	
2학년 3반	audio_1	
3 2 1 잠깐잠깐잠깐 살수있어	audio_4	
3단계 애개 스키 어우 야 움직이지 마라 잠깐만 자	audio_1	
3스쿼드밖에 안 남았어요	audio_8	
3시 3시 3시	audio_9	
3종 보통 해보겠습니다	audio_5	
40이요 너 번호 형이 다 알고 있고 너 형인 거 하면 명예훼손으로 형이 신고할 수 있어 보수할 수 있어 해도 돼	audio_9	
4개만 먹으면 돼 4개만	audio_10	
4개면 4개짜리 과일	audio_9	
4명이서 체인에 묶여가지고 지옥에서 탈출하는 거야	audio_4	
4번이다	audio_3	
4분 4분만	audio_1	
5 으 4 어렵겠다 치	audio_2	
5학년이요 형한테 잘못했어	audio_9	
7초 7초 비켜 비켜야해 비켜야해 비켜줘 3초 2초 자 갑니다	audio_1	
7초 얘들아 할 수 있어 먹어 먹어 내려와 자 야 저것도 가져와 오케이 이제 알았다	audio_1	
CT인가	audio_7	
Shift 눌러 달려 달려 그렇지	audio_4	
That was 코스요리 구독자 여러분 안녕하세요	audio_10	
evacuate 느낌있 내려도 될것 같애	audio_5	
hurry up 가자 저렴해라 준비되셨어	audio_4	
okay가자 GO 가자 가자 가자 준비하고 그렇지 가자 가자 가자 ffen 쓰레기 가자 가자 가자 goose Griffin s Felipe 더 계속 매달려오는 애 뭐야	audio_4	
under 2 으헤헤헤헤헤헤헤헤헤헤헤헤헤헫 죄송 으아아아아aldo Zw OHH 우주마 AIDS 야	audio_4	
가 가 가	audio_9	
가 이제 살려 가 이제 됐어 살살 됐어	audio_3	
가가가 꽃게라고 생각해 우린 조금 있으면 간장게장에 댈 운명이야	audio_4	
가게 몇 개야	audio_9	
가고 가고	audio_3	
가고 가고 가고 그렇지 개 같은 것들 진짜 아니 왜 저럴까	audio_3	
가라 가라 노예야	audio_3	
가려고 할게요	audio_9	
가만있어	audio_1;audio_4	
가만있어 가만있어	audio_1	
가만있어 아무것도 하지마 그냥 바로 가자 바로 가자 바로 가자 그렇지	audio_1	
가만있어 오케이	audio_4	
가만있어 올라가	audio_1	
가만있어 잡아 잡아 잡아 천천히 천천히 천천히 오케이 엘리스 잡았어	audio_5	
가만히 서서 가만히 서서 그렇지 한 번 당겨보고 우리 포기하지 말자	audio_5	
가만히 있어	audio_3	
가만히 있어 가만히 있어	audio_3	
가만히 있어도 돼요	audio_2	
가만히 있어봐 그렇지	audio_5	
가만히 있어요	audio_5	
가면 돼요	audio_1	
가면 될거 같습니다	audio_7	
가보겠습니다	audio_3	
가보자	audio_3;audio_5;audio_6	
가봅시다 여긴 언더 월드라는 곳이고 이거 보니까 그 파쿠르도 있는 것 같아	audio_5	
가봐	audio_1;audio_8	
가봐 가봐	audio_8	
가서	audio_10;audio_3	
가시	audio_6	
가야돼 가야돼	audio_5	
가운데 가운데 되잖아	audio_4	
가운데 애를 떨궈야 돼 가운데 애를	audio_3	
가운데 애를 떨궈야 된다고	audio_3	
가운데 오시고 자 그럼 핑크색 가세요	audio_1	
가운데 있는 구조물을 잘 생각해서 그 모양을 형상을 할 수 있었네요	audio_7	
가운데서 되잖아 되잖아	audio_4	
가자	audio_1;audio_10;audio_3;audio_4;audio_6;audio_7;audio_8	
가자 가 가	audio_4	
가자 가자	audio_4	
가자 가자 가자	audio_7	
가자 가자 가자 바로 가자 바로 가자 가만있어	audio_1	
가자 가자 가자 진짜 깨는 거야	audio_6	
가자 가자 간다	audio_1	
가자 가자 어	audio_4	
가자 가자 잘하고 있다 천천히 어 빨리 가는게 그	audio_5	
가자 가자고 가자고 가자고 초록 아 초록 나갔네	audio_4	
가자 갔다가 점프 더블 점프 더블 점프 그렇지 어떤데 승차가면 어떤데 아주 더럽네요	audio_8	
가자 하나 둘 셋 하나 둘 셋 하나 둘 셋 하나 둘 셋 하나 둘 셋 그렇지 하나 둘 셋 그렇지 하나 둘 셋 그렇지 하나 둘 셋 그렇지 하나 둘 셋 그렇지 하나 둘 셋 그렇지 하나 둘 셋 그렇지 하나 둘 셋 그렇지 하나 둘 셋 그렇지 하나 둘 셋 그렇지 그렇지 그렇지 좋아 와 좋아 됐어	audio_4	
각자 돌려야	audio_7	
간다	audio_9	
간다 여기 잘 안 보여 시야가 그냥 내려가는 게 나을 수도 있나	audio_5	
갈 때까지 움직이지 마	audio_1	
갈까 말까	audio_5	
감사합니다	audio_2;audio_7;audio_8	
갑자기 다시 들어왔어	audio_4	
갑자기 코 팔 시간 없어 빠딱해야 돼	audio_4	
갔는데	audio_3	
강제 퇴장하면 어떻게 돼	audio_3	
같이 가야지	audio_4	
같이 안 한 사람들	audio_4	
같이 오케이 오케이 오케이 잠깐만 들어가지 마봐 들어가지 마봐 가자 가자 가자 잠깐 멈춰봐봐	audio_1	
같이 점프해보는 건 어때	audio_5	
같이 한번 신맵 한방 해보도록 할게요	audio_10	
개 어려운데	audio_7	
개 오래 걸린	audio_4	
개 잘합니다	audio_7	
개귀여워 자 다시 가자 야야야 땡겨주고 그렇지	audio_4	
개노님 개노님 아 너 뭐해	audio_1	
개새끼 아 나와봐	audio_9	
개팍게 만다	audio_6	
거기 계세요 거기 계세요 그리고 주황색 내려가세요	audio_3	
거기로 가고 싶어	audio_4	
거기서 망해라 거기서 망해라 거기서 망해라 거기서 망했으면 좋겠어	audio_9	
거기서 제발	audio_3	
거의 다 왔어	audio_5	
거짓말 안 죽거면서	audio_2	
건실하게 가	audio_6	
건실하게 가 건실하게 가	audio_6	
게임 소리 껐는데 게임 소리 껐어 스피커로 다 들린다고 뭔 소리야	audio_9	
게임 좀 할 줄 아는 녀석들이구만 여길 통과 안 하고 여기 그냥 서 있다니 우와 게임 퀄리티 뭔데 가자 가보자	audio_4	
게임이 괜찮아	audio_7	
게임이 재미없다 형님 되게 단순한 게임이네	audio_9	
결과가 중요해	audio_4	
결국 언니 때문에 떨어지긴 했잖아	audio_6	
결국 역사는 내가 쓴다 피하고자 하면 안돼	audio_8	
계단 쌓아줘야 돼 계단 먹고 나이스 다 먹었다	audio_1	
계단 이게 삼각형을 만들 수 있거든요	audio_1	
계단 타	audio_1	
계단 한 칸당 하나씩 느낌 오잖아	audio_3	
계단계단계단계단 나이스 나이스 올라오세요	audio_1	
계속	audio_2	
계속 가	audio_3	
계속 다시 생기긴 하는구나	audio_8	
계속 업혀있으면 안 되는 거야	audio_8	
계속 와야 돼	audio_3	
계속 해야 되네	audio_3	
고 빨강아 제발 부탁인데 가라고 앞에서 길 막지 말고 빨간색 저거 진짜 어떡하지 빨리빨리 가줘야지 갈 거 아니야	audio_3	
고리	audio_10	
고마워 고마워	audio_5	
고마워요	audio_8	
고맙습니다	audio_3	
고무줄인가 보다 줄에 장력이 있거든 앞으로 좀 붙여주고 붙여주고 그렇지	audio_3	
고우	audio_5	
고인세	audio_1	
공중부양	audio_3	
과감하게 가봐 그렇지	audio_8	
과감한 친구들이 먼저 가보자	audio_8	
과연 이 영상 제목이 개 잘합니다가 될지 개 잘하는 줄 알았는데 개 못합니다	audio_7	
과연 이 친구가 기다리고 있습니다	audio_10	
과연 이길 수 있을 것인가	audio_8	
과일은 어딨어	audio_9	
과일을 새	audio_9	
과일이 어딨어	audio_9	
관절 소리 뚝뚝뚝	audio_2	
괜찮나	audio_7	
괜찮습니다	audio_7	
괜찮아	audio_4;audio_5;audio_7	
괜찮아 괜찮다고 괜찮다고만 계속 말해 간다 고 또 시도하면 돼 될 때까지 하면 돼	audio_4	
괜찮아 괜찮아	audio_7;audio_8	
괜찮아 물음표를 느낌표로 바꿔드릴게요	audio_5	
괜찮아 침착하면 돼 침착하면 돼 침착하면 돼 오케이 오면 될 것 같아요	audio_5	
괜찮아요	audio_10	
괜히 앞으로 가서 깝치지 말고 뒤에 딱딱딱딱 붙어있어	audio_3	
괜히 자기가 당기다가 위에 있는 애가 당겨온단 말이야	audio_4	
구 het 마이 떨어지기 좋은 타이밍 말한거 맞지	audio_4	
구독 한 번씩 눌러주시면 치킨 사드릴 수 봐주신다고요	audio_2	
구르도	audio_5	
구호는 제가 할게요 구호는 예 자 갑니다	audio_5	
국밥 든든하게 먹었습니다	audio_8	
굳이 안 올라와도 돼요	audio_7	
굿 브라 쓰리 투 원 제발 야 초록아 제발 제발 잡어	audio_4	
귀여워	audio_7	
그 16 야	audio_9	
그 whether even the 면 이제 러버 점스 헤이 what of 빅 저리 데일리스 n 젤리 7 앤 espresso was 체크해 봐 오케이 여깄어 여깄어 더블 점프 여깄어 더블 점프 더블 점프 더블 점프 자아 에이 에이 에이 제 차례야 오케이 땡스얼랍 땡스얼랍 아가라 찬스 아가라 찬스	audio_10	
그 내려갈 것 같은데	audio_5	
그 다음 내 머리 밟고 그렇지 올라가고 자 이제 끌어주세요	audio_1	
그 다음 대가리로 올라가시고 자 그 다음 대가리로 올라가세요	audio_1	
그 다음 분홍색 넘어가세요	audio_3	
그 다음 올라가 됐어	audio_3	
그 다음 이제 출발 그렇지 앞으로 좀만 가줘 가줘 너무 급하게 말고 그냥 올려 끌어올려	audio_1	
그 다음에 보라색이 밀 수 있어요	audio_3	
그 발 좀 밟아봐	audio_2	
그 시간초가 더 가까운 것 같아	audio_2	
그 콩콩이만 보는 각이 좀 우리랑 다른 거 같애	audio_6	
그거	audio_1	
그거 그렇지 올라가 올라가 올라가 시프트 누르면 빨라요	audio_5	
그거 다 떨어져	audio_3	
그거 서랍을 풀어야 되긴 하는데	audio_2	
그거 잘 맞	audio_1	
그거 좀 심한 것 같아요	audio_2	
그거 하면 안되겠다	audio_5	
그거는 우리가 1등할 자격이 있다는 거야	audio_8	
그거를 손 뗐거든요	audio_1	
그건	audio_5	
그건 맞아 다른 사람들이 해달라는 거 다 해주게 하자 콩콩이는 빼 그든지 콩콩이는 빼	audio_6	
그걸 따라해요	audio_2	
그걸 왜 이제 말해주세요	audio_7	
그걸 혼자 지나가면은 뭐야 스테이지 끝나네 멈춰 멈춰 야 앞에서 멈추세요	audio_1	
그것처럼 계단을 한번 만들어보자 자 대가리 올라가세요	audio_1	
그게 맞는 것 같아요	audio_1	
그냥 가	audio_3	
그냥 가가가 알아서 가 알아서 가 맞춰갈게 가자 가자 오케에에에에에 예에 어디야	audio_7	
그냥 가나	audio_5	
그냥 가도 되는구나	audio_1	
그냥 가만 있어야지 가만 있어 위에 있으면 안돼	audio_7	
그냥 가봐 가봐	audio_3	
그냥 걸어가도 될 것 같아	audio_7	
그냥 굿 열렸다	audio_5	
그냥 그	audio_6	
그냥 그 저번처럼 자기 시점 녹화를 해서 어 이거 이거 뭐죠	audio_1	
그냥 끌고 가 그냥	audio_3	
그냥 나만 보고 반응해 나만 보고 반응해 알겠지	audio_4	
그냥 냅다 갈겨버리네 회색 그냥 땅으로 냅다 갈겨버리네 쇠사슬 없었으면 아예 못 왔겠네	audio_4	
그냥 달리면 된다	audio_4	
그냥 땡겨줄 때까지 가만 있어	audio_4	
그냥 망설임 없이 쭉 가야 돼 하나 둘 셋 하면 하나 둘 셋 출발	audio_1	
그냥 멈추세요	audio_3	
그냥 얘 당겨주는게 있는것 같은데 거 보니까 으어	audio_5	
그냥 오늘 모두 볼에 뽀뽀해 주시다 뽀뽀 자 아무튼 새로 들어온 반갑다는 말씀 드리면서 오늘은 피코파크라는 협동심 게임을 해볼거에요	audio_1	
그냥 오케 거의 다 왔어	audio_5	
그냥 위가보며 피하자 왼쪽 오른쪽 아야아 올라가서 아오니 빨리 와야돼	audio_7	
그냥 자이로스코프 센서 장착하란 말이야 긴장바라 가자 센스있게 가운데서	audio_4	
그냥 저기 가있을거야	audio_10	
그냥 저서 kau 켜 점프만 해 떨어져서 점프 떨어져서 점프 살짝 떨어져서 점프 살짝 떨어져서 점프 살짝 떨어져서 점프 아 내가 좀 느린데	audio_4	
그냥 점프하면 되잖아 일렬로 세워주셨네	audio_3	
그냥 점프하지 말고 살짝 살짝씩만 눌러	audio_3	
그냥 직진이었던거같이 그치	audio_7	
그냥 편하게 그치 그치 이정도는 쉽다	audio_5	
그냥 하나 둘 하나 여러분들 이모 챙겨요	audio_5	
그니까 그냥 가도 돼	audio_5	
그니까 내 말은 그거지	audio_5	
그니까 내가 많이 해서 나 미안해	audio_5	
그니까 여기라니까 한 마리의 물고기 같다	audio_7	
그니까 우리 이제 마이크 끌까요	audio_5	
그다음에 기다려	audio_4	
그들이 저를 잃을 수도 있는 거지	audio_4	
그래	audio_3;audio_4;audio_9	
그래 감사합니다	audio_7	
그래 그냥 뛰어	audio_3	
그래 그래	audio_3	
그래 그래 그래	audio_3	
그래 문 열어봐	audio_3	
그래 빅 이뚜스 너희 자식 잘 알고 있었어	audio_10	
그래 알았다	audio_8	
그래 엘리베이터 올라가요	audio_1	
그래 왜 어	audio_8	
그래 이러면 아홉이 노래 불러도 되네	audio_7	
그래 잠깐만 잠깐만 얘들아 화날라 그래 왜요	audio_6	
그래 한 번 더 하고 되잖아	audio_4	
그래그래	audio_7	
그래도 먹다보니까 개들 종omo 오우 꿀팀꿀팀 천천히 가주세요 천천히 운ood 스펠링은 SOF 됐다 됐다 됐다 체크 포인트 인가	audio_7	
그래도 우리 해안저스 마음이 좀 따뜻한 게 노인 공격하는 모습이 굉장히 보기 좋았습니다	audio_2	
그래서 밀어서 가져와	audio_3	
그래서 배틀로 가도록 하겠습니다	audio_1	
그래서 여기서 밀어	audio_3	
그래서 오늘은 제가 마이크를 켜고 여러분께 말씀드리는 그런 형태로 한번 진행을 해보도록 하겠습니다	audio_5	
그래서 일단 이 친구도 그냥 따라가 지금은 따라가 지금 계산할 시간보다 따라가는 게 더 좋아요	audio_10	
그래서 초가 제일 짧은 사람이 이기는 거야	audio_2	
그래야지 넘어갈 수가 있어요	audio_3	
그랬냐	audio_1	
그러네	audio_5	
그러니까	audio_2	
그러니까 나도 너네 목소리 못 듣고 너네는 못 듣고 그냥 다 그런 거라니까	audio_6	
그러니까 내가 별 떠드는 모습이 좋다는 거지 짬	audio_7	
그러니까 아 여기다 이제 고기인가	audio_7	
그러니까 여러분 잘 좀 해주세요 트림이 아니라 화에요 화 자 미안 자 하나 둘 서이 그렇지 자 보면은 앞에도 트램폴린 있어요	audio_5	
그러니까 우리 그거 안 정했잖아	audio_2	
그러니까 이게 물음표로 바뀌었잖아	audio_2	
그러니까 이런 방지턱도 있더라고	audio_5	
그러면 순서대로 가야겠죠	audio_3	
그러면 아우 너무 쉬운데	audio_1	
그러면 어 내려가지 않게 조심하고 여기 기다려볼까 여기 기다려볼까 떨어지나요	audio_7	
그러면 자기를 놓치게 돼	audio_2	
그러면 저	audio_1	
그러면은 바람과 바람 차이의 각이 90도기 때문에 삼각형은 키타고라스 정의로 했을 때 넘어갈게요	audio_7	
그러자	audio_7	
그러자 그러자 두번째 있는 사람이 이렇게 가지고 나머지 양옆 사람들이 옆으로 매달려 두 번째 사람이 가면서 이걸 파쿠르를 계속 해줘야 돼	audio_7	
그러지 마	audio_3	
그런 거 안 돼	audio_5	
그런 다음에 탐색이 앞으로 뭘 꼴아봐 멈춰 뭘 멈춰 이 새끼야 여기가 지금 얼음이라서 미끄러지는구만	audio_3	
그런데 나는 그렇게 결론을 내렸어	audio_6	
그럼	audio_2;audio_5	
그럼 2만 개 3만 개까지 한번 달려보도록 하겠습니다	audio_7	
그럼 3개면 3개 3위 뜨면 3개짜리 과일	audio_9	
그럼 내가 듀오를 만들어버려 오 점프클럽	audio_8	
그럼 뭐 걸어갈 거야 오케이	audio_5	
그럼 바로 가자 좋았어	audio_8	
그럼 바로 갈게요	audio_7	
그럼 보시기 전에 좋아요와 구독 부탁드립니다	audio_7	
그럼 어떻게 할까	audio_2	
그럼 여기 빨리 다 형들이랑 누가 보고 있으니까 사과해	audio_9	
그럼 이거 밟을게요	audio_5	
그럼 이렇게 하자	audio_2	
그럼 저는 더 재밌고 유익한 영상으로 돌아오도록 하겠습니다	audio_8	
그럼 전화받아	audio_10	
그럼 제가 선배 맘에	audio_8	
그렇게 반응하는 사람이 언니밖에 없어 그냥	audio_6	
그렇게 붙여 점프 그러면 딱 편하잖아 끝에 딱 붙여 점프 좋아	audio_4	
그렇게 생각 안 했다고요	audio_4	
그렇게 하지 말자	audio_5	
그렇게 하지 말자 안돼	audio_7	
그렇기 때문에 내가 한번 밟아볼게 이거 한 명이라고 인식할 수 있단 말이지 굉장히 싱크빅이었다	audio_1	
그렇다고 해서 우리가 그레이 너가 빨라 이렇게 하는 게 아니야	audio_4	
그렇죠	audio_3;audio_5;audio_7	
그렇지	audio_1;audio_2;audio_3;audio_4;audio_5;audio_8;audio_9	
그렇지 7초 남았다	audio_1	
그렇지 가만히 있어 밀어 앞으로 밀어 다 밀어	audio_1	
그렇지 가자	audio_8	
그렇지 과감하게 얘들아 가봐	audio_8	
그렇지 그 다음 그렇지 그 다음 가 가 예 그 다음 가 빡 자 그렇 자 오케이 요씨 끌어올려줘	audio_1	
그렇지 그거 가지고 가	audio_8	
그렇지 그렇지 가만히 있어줘 가만히 있으면 그게 바로 신호 아니겠어	audio_1	
그렇지 그렇지 그렇지 3학년 3반 뭐야	audio_1	
그렇지 그렇지 그렇지 노력 해주셔야해	audio_5	
그렇지 그렇지 그렇지 이렇게 하고 제가 여기 올라가서 자 밀어 이제 밀어 하나씩 쪼금씩 야아 다시 들어와 다시 뒤로 와	audio_1	
그렇지 그렇지 땡기면서 다시 내려가지마 하	audio_4	
그렇지 그렇지 살려줘	audio_1	
그렇지 그렇지 아니 나와	audio_1	
그렇지 그렇지 팀플 뭐야	audio_4	
그렇지 그치	audio_5	
그렇지 끄덕끄덕해야지	audio_4	
그렇지 나와 나와 나와 자 비켜주시고 비켜주시고 나와 나와 비켜주세요	audio_1	
그렇지 내가 처리하고 올게	audio_3	
그렇지 더 밀어	audio_3	
그렇지 됐다	audio_5	
그렇지 두명이서 먹어줘	audio_1	
그렇지 뒤에 사람이 하나씩 당겨줘야 돼	audio_5	
그렇지 들어가	audio_1	
그렇지 먼저 가봐 먼저 가봐 줄 쓴 거 봐	audio_4	
그렇지 멈추지 마	audio_4	
그렇지 밀어 다 앞에 눌러야돼	audio_1	
그렇지 아아 잠깐만 야 업어줄게 일로와봐 일로와봐 일로와	audio_8	
그렇지 야 나 가 내가 눌렀으니까 가	audio_3	
그렇지 엘리베이터 여기서 이제 여기로 다 같이 점프하면 되는 거 같아요	audio_5	
그렇지 여기 피해주고	audio_9	
그렇지 여기도 먹어	audio_1	
그렇지 여기도 여기도 먹어	audio_1	
그렇지 여기서 뽈롱 삘롱 그대로 잡고 그렇지 뽈롱 잡아서 들어갑니다	audio_8	
그렇지 여기서 점프를 할꺼야 점프해서 넘어가면 되겠죠	audio_5	
그렇지 열어 열어 열어 아 나와 나와봐 문 열게 야	audio_3	
그렇지 오세요	audio_1	
그렇지 오시고 그렇지 하나 둘 하나 둘 하나 둘 잡으면 돼요	audio_5	
그렇지 올라가 올라가 그렇지 밟아 계속 밟아 계속 밟아줘야 돼	audio_1	
그렇지 올라가줘	audio_1	
그렇지 올라가줘 그 다음 밟아내주고 그렇지	audio_1	
그렇지 와 달려 달려 야 이거 안되겠다 엎으면 안되겠다 잠깐만 아 엎으면 이거 내 손해네 야	audio_8	
그렇지 움직여줘	audio_1	
그렇지 움직이지 마	audio_1	
그렇지 이건 내 거야	audio_10	
그렇지 일로와 아빠한테 오렴 아빠한테 와 펭귄아 아빠한테 와 아빠한테 펭귄아 아빠한테 어디갔어	audio_8	
그렇지 일로와 아야야 업어줄게 일로와	audio_8	
그렇지 자 다음 밟아주게요 그렇지 밟아줘	audio_1	
그렇지 자 여기 발판 해줘 발판 해줘 올라가 올라가 보라색 먹어 보라색 저거 야	audio_1	
그렇지 잘한다	audio_5	
그렇지 좋다	audio_4	
그렇지 좋아 됐어	audio_3	
그렇지 좋았다 좋았다	audio_1	
그렇지 짜자자자자자자 오케이 여기 계단이죠	audio_1	
그렇지 하나 둘 승리 1등 마지막 블라스트공 자 이판 막판 하겠습니다	audio_10	
그렇지 한 명 올라왔고 E 눌러서 땡겨	audio_4	
그레이 너 고개 들어 너 기죽지 마 그레이 속도에 맞추자니까 이 새끼는 왜 이렇게 빨리 가 그레이	audio_4	
그레이가 문제야	audio_4	
그리고 노란색은 좀 거리 좀 맞춰주세요	audio_3	
그리고 무빙을 조금씩 살살 천천히 하세요	audio_3	
그리고 역사는 내가 내가 내가 아 듀오가 아니라 스쿼드 해야되네	audio_8	
그리고 우리는 양옆에서 잘 찢어줘야 돼 회색이 내려갈 수 있게 여기까지 가줄까	audio_3	
그리고 이 선풍기 위에 6명 딱 올라가야 돼	audio_3	
그림 그림 자라봐 그림	audio_9	
그림자 보면 공이 날아오는 거지	audio_9	
그림자도 있어 그림자	audio_9	
그만 가 빨간색	audio_3	
그만 먹어	audio_9	
그지	audio_3	
그쵸 그쵸	audio_5	
그치	audio_4;audio_6;audio_7	
그치 그치 잘했다	audio_5	
그치 와 이거 미쳤다	audio_3	
그치 이거다 이렇게 가 쉬우니까 이렇게 가는 거야 잠깐만 기다려봐 성격 너무 급해 오케이 자 하나 둘 셋 한 몸처럼 하나 둘 셋 그렇지 그렇지 그렇지 이런 느낌이다 이리로 올라가는 거겠네요	audio_5	
근데	audio_6	
근데 맞아 참아 참아 야 그래도 야 오늘은 좀 잘 따라오면서 참아 자기 할 줄 알았지	audio_6	
근데 어떡하냐 여기서 되네 굿 컴온 야 점프 대기할 때 딱 붙여 떨어져 있지 말고 몸 딱 붙여	audio_4	
근데 언니	audio_6	
근데 이거 떨어져도 다행히 아래쪽에 그거라서 몇번 시도해도 괜찮을 것 같아요	audio_5	
근데 이걸 업혀간다면	audio_8	
근데 이게 운도 중요한게 아 하지마 하지마	audio_8	
근데 이게 판정이 좋아서 점프해서 해도 되겠다 판정이 나쁘지 않거든요	audio_5	
근데 재밋잖아 날아갈 때 무중력 체험아 위에 자성이 있네	audio_7	
금방 다시 돌아오거든 얘가	audio_3	
기너 아 웃기지마 야야야 나와 나와 나와 병신이야	audio_9	
기니까 앞으로 앞으로 아운이도 앞으로 오고 야도도 앞으로 오고 자 하나 둘 점프 오케이 예예예예이 잘했다 잘했다 오케이 자 하나 둘 서이 이거 그냥 점프로 가자 하나 둘 서이 여기서 오른쪽	audio_5	
기다려	audio_4	
기다려 기다려 내려와 내려와 그거 뽁 나온단 말이야	audio_5	
기다려 대기	audio_4	
기다리고 그렇지	audio_3	
기다리고 밟고 올라가고	audio_3	
기쁜 소식이 아닐 수가 없죠	audio_5	
길길 바닥에 길 헐 아 이 길 길을 외워서 가야되나보다	audio_7	
길었다가 지나가주고	audio_9	
길었다가 지나가주고 이 새꺄	audio_9	
김치입니다	audio_1	
깁스 안 했기만 해	audio_3	
깝치지 마	audio_3	
깨야지	audio_6	
꺾고 꺾고 그치 고맙다고 얘기할게 어 여기 꺼야돼 꺾어야돼	audio_7	
꺾어서 유턴하면 되는 거고	audio_10	
껌모참기 나 재밌게 해주세요	audio_9	
꽉 잡아야 돼	audio_5	
꿀길이다 꿀길	audio_4	
꿀팁	audio_2	
끊어지네 한 명이	audio_6	
끌어줘 끌어줘 끌어줘 혼자 안 걸렸던거야	audio_7	
끌어줘 됐다	audio_4	
끝끝끝 나	audio_1	
나 11등이야	audio_9	
나 38이에요	audio_9	
나 가운데 중심 잡고 있을게 그렇지	audio_4	
나 가줘	audio_2	
나 갔는데	audio_3	
나 같은 거 줬다	audio_2	
나 깁스하고 있지만 열심히 해서 오늘 감사 깁스하고 했다고	audio_3	
나 다른 거 보고 있었어	audio_7	
나 데려가줘	audio_5	
나 때는 이리로 갔어	audio_8	
나 먹었다	audio_1	
나 몇 등이야	audio_9	
나 모르는 게임 나왔어	audio_9	
나 믿어	audio_4	
나 믿지	audio_5	
나 방금 말하지 않았는데 느낌이 왔어	audio_1	
나 방금 진짜 떨어질 줄 알았어	audio_5	
나 뺨떼기 마렵네	audio_4	
나 살아있어	audio_2	
나 살았다	audio_2	
나 속식한 말투 오늘 많이 없앨게	audio_6	
나 아니야	audio_6	
나 안 해본 거야 해보고 싶어	audio_9	
나 애들한테 한 번 업 해봐야지	audio_8	
나 엄청 어려울 줄 알았는데 땡겨주기를 쓰면서 가면은 괜찮겠어	audio_4	
나 업어줘	audio_8	
나 오금철이 왔다	audio_6	
나 오늘 협조적으로 할게 진짜로 오늘 금쪽이 모드 빼고 그냥 진짜 협동적으로 진짜 게임하는 거야	audio_6	
나 올라가야돼	audio_9	
나 올려 나 살려 못살려 그냥 죽여 죽여 그냥 자 노란색 여기 써 노랑 노랑 어 거기 가만히 있어 가만히 있어	audio_3	
나 왜	audio_8	
나 왜 나왔어	audio_3	
나 왜 여기있지	audio_4	
나 우주하마 성대인데 찢어졌다	audio_3	
나 이 게임 잘한다니까 저격 맞았으면 진짜 잘할 건데 졌어	audio_9	
나 이거 괜찮나	audio_7	
나 이거 아직도 이해 못했다니까	audio_2	
나 이거 잘해 파이팅 이번 기회에 저 육각형 사람인지 아닌지 삼각형 사람인지 일각형 사람인지 보여드리겠습니다	audio_8	
나 이거 잘했어	audio_1	
나 이거 진짜 너무 싫어	audio_2	
나 이걸 왜 이렇게 힘들게 해야 되는지	audio_3	
나 이제 잘 따라오지 잘한다니까 하나 둘 잘한다	audio_7	
나 좀 놔 회색 놔와 주황색 여기 주황색 여기 주황색 여기 아니 보라색은 여기 이대로 빨간색이랑 주황색이가 아 빨 아 주황 아 초록색 빨간색 분홍색 회색 여기로 넘어가세요	audio_3	
나 좀 놔줘봐	audio_3	
나 좀 상위권인데	audio_8	
나 죽었나봐	audio_2	
나 지금 눈에 지금 빛나고 있어	audio_3	
나 지금 몇등이야	audio_9	
나 진짜 리얼	audio_6	
나 진짜 아무것도 안하고있어	audio_9	
나 키가 160cm 오라서 어쩔 수 없어 난쟁이들아 밝은 점프 배틀 없는 건가	audio_2	
나 할 수 있어	audio_2	
나 혜안 님 옆에 너무 싫어	audio_2	
나 혜정 태우리 혹시 죄송한데 진짜 궁금한데 혹시 ADHD를 가지고 계세요	audio_5	
나 혹시 업어줄래 내 친구야	audio_8	
나 혼자 이 게임 했잖아	audio_7	
나 혼자만 저기 떨어져있죠	audio_8	
나 화장실 좀 갔다 올게	audio_8	
나 화장실 좀 갔다 올게 1등 해라 불안해서 안 갔는데 잘하는데	audio_8	
나는 과감한 사람입니다	audio_8	
나는 아오니 나 채원이다	audio_2	
나는 주라고	audio_2	
나도	audio_2	
나도 까불어버리기 형님 헤헤헿 형님 헤헤헿 아 확실히 듀오가 재밌다	audio_8	
나도 알아	audio_3	
나도 펭귄좀 가지고 싶은데 펭귄아 일로와	audio_8	
나도 한 번 타보기만 할게 아 여기 타기보기만 할게 안 해 안 해 안 해 눈뜨라	audio_9	
나도 한 번만 만져보자	audio_2	
나도 할 말 할게요	audio_9	
나랑 아웅이가 여기 있어야 돼	audio_7	
나랑 아웅이가 오케이 오케이 오케이 하나 둘 하나 둘 그렇지 하나 하나 둘 나에에 하나 둘 으으으응에 아 못 따라주겠다 진짜 못 가겠어요	audio_7	
나만 믿으라고 그쵸 아 이거야	audio_4	
나만 봐 나만 따라해 기다려 기다려 끝까지 기다려 지금 이거야	audio_4	
나만 잘하는데 이 XX 들어와	audio_9	
나만큼 집중 안 하지 다들	audio_3	
나머지 3명이 맞춘다 알겠지	audio_4	
나쁘지 않죠	audio_5	
나야	audio_1;audio_6	
나오라고	audio_1;audio_3	
나와	audio_1;audio_9	
나와 1등 해야 돼	audio_9	
나와 나 진짜 1등할게 나와봐 봐봐 해봐	audio_9	
나와 나와 요기	audio_9	
나와 이 새꺄	audio_9	
나와 이 새끼야	audio_9	
나와 헬렉크 제발	audio_9	
나와보라고	audio_9	
나와봐	audio_9	
나와봐 나와봐	audio_9	
나와봐 나와봐 나와보라고 이렇게 들어가면 되는구나	audio_9	
나와줘	audio_9	
나와지냐	audio_4	
나와지네	audio_4	
나이	audio_7	
나이스	audio_1;audio_10;audio_2;audio_4;audio_5;audio_7;audio_9	
나이스 14개	audio_10	
나이스 나와	audio_9	
나이스 와 남현호	audio_7	
나이스 우와 이제 저희가 점점 개 잘합니다에 가까워지고 있습니다	audio_7	
나이스 이겼다	audio_8	
나이스 이름이 뭐야	audio_8	
나이스 자 통과 갑니다	audio_4	
나이스 좋았다 하나 둘 서이 좋습니다	audio_7	
나이스 좋았어	audio_4	
나이스다 좋습니다	audio_8	
나중에 뵙겠습니다	audio_9	
나한테 모든게 달려있다	audio_8	
난 가만있었어	audio_6	
난 꿈이 있었죠	audio_2	
난 떨어지는데 왜 이렇게 앞으로 붙어가지고 그러는거야 다시 해보자 뛰어 호 보라색에 생각이 있겠지 기다려봐 그래	audio_3	
난 외동말랄 거 같지	audio_4	
날려줘 이거 어떡해	audio_6	
남년호 멀리서 지켜보는거 봐 알아보겠지	audio_7	
남았어요	audio_10	
남은 자리는 단 한 자리	audio_10	
남자가 칼을 뽑았으면 끝을 봐야지	audio_3	
남탓한 적 없는데	audio_5	
내 고양이 어딨어	audio_8	
내 고양이 잡았다 오케이 업어줄게 튕겨	audio_8	
내 기억엔 그래	audio_8	
내 뒤에 연오	audio_7	
내 뒤에 연오야	audio_7	
내 머리는 너무나 편해	audio_2	
내 이거 유튜브 본거야	audio_9	
내 작전이고요	audio_2	
내 친구	audio_8	
내 친구 아 저기 있구나 한 번씩 잡아줘야 돼 점프할 때 잡아주고 그렇지 너 아까 나 잡았지	audio_8	
내 친구 어딨어	audio_8	
내 친구 잘 잘 따라오고 있지 내 친구	audio_8	
내 친구야 나와라 제 친구는 누구냐면요 어 저쪽에 있네	audio_8	
내가	audio_1;audio_4;audio_9	
내가 가운데 탔다	audio_4	
내가 가지고 있다가 너 주려고 그랬어	audio_2	
내가 간다 탑 세워 탑 세워 탑 세워봐	audio_3	
내가 그렇게 별로야	audio_9	
내가 너 잘 하면 돼	audio_9	
내가 너 존나 패고	audio_9	
내가 너 존나 패고 솔직히 내가 기습으로 때린 건 맞지만 이 새끼가 못 피했다	audio_9	
내가 다 땡겨줄거니까 가만있어	audio_4	
내가 똥싸고 내가 똥치웠어	audio_7	
내가 말을 할게 내가 말할게	audio_6	
내가 먼저 가볼게	audio_4	
내가 먼저 때리긴 했지만 네가 못 피했다	audio_9	
내가 먼저 할게 착착착착 야 이게 줄이 어느 정도까지가 늘어나는 그게 있네	audio_3	
내가 밀게	audio_1	
내가 발판 해줄게	audio_1	
내가 봤을 때 솔직히 말하면 언니 반응이 좋은 남 아쉽긴 해	audio_6	
내가 여자한테 그렇게 인기가 없냐	audio_9	
내가 올려줄테니까	audio_4	
내가 일바로	audio_8	
내가 일바로 갈게	audio_8	
내가 잘하는데	audio_9	
내가 잘할게 내가 잘할게 잘하지 말고 거북이의 선 잘하지	audio_5	
내가 진짜 어떻게든 이 사투리 이기겠어	audio_2	
내가 컬링볼이다	audio_3	
내가 해보자	audio_10	
내가아아아아악	audio_3	
내꺼라	audio_2	
내꺼야	audio_2	
내꺼야 내꺼	audio_2	
내꺼야 내려가 내려가 내려가 엄마	audio_2	
내려가	audio_1	
내려가야돼 내려가야돼 내려가야돼	audio_7	
내려갈게	audio_3	
내려와야 돼요	audio_1	
냄비 화이팅	audio_8	
너 가라고 회색 가 고 그래 다시 같이 가자 나도 간다	audio_3	
너 가지고가 나	audio_8	
너 그렇게 하지마 아이씨 X끼야	audio_9	
너 나와	audio_3	
너 너 너 내려와	audio_3	
너 다시 전화 받아	audio_9	
너 들어가기만 하면 이긴다	audio_8	
너 먼저 흐흐흐흐흐흐흐흐흐흐흐흐흐흐흐흐흐흐흐흐흐흐흐흐흐 우리 아무 말도 안 할게 마이크 켜놓고 그냥 아무 말도 하지 말자 오케이 자 앞으로 갑니다	audio_7	
너 몇 살이야	audio_9	
너 믿었어 김채원 자 오늘 이렇게 피코파크 대결까지 진행해봤습니다	audio_2	
너 신고 가능해	audio_9	
너 아주 좋은 버스를 탄 거야	audio_8	
너 어허이	audio_9	
너 업어줄 사람 나 좀 업어줘 볼롱 삐롱 적당히 업히다가 내려야겠다 1대22 자 이거 같은 그림 찾는 거죠	audio_8	
너 여기로 가	audio_3	
너 여기지	audio_9	
너 오르기 다 부숴	audio_9	
너 올라와 일단 오케이 가만있어 잠깐 잠깐 잠깐 너가 해 이제 너가 해 아아 믿을 수가 없어 믿을 수가 없어	audio_4	
너 이 새끼 조는 거 아니야 회색	audio_4	
너 이거 한번 타봐 회색아 너 이거 한번 타봐 더 가 더 가	audio_3	
너 이리와	audio_8	
너 일로 나와	audio_3	
너 좀 무겁다	audio_8	
너 주인공 병 있지	audio_3	
너가 키포인트에요	audio_3	
너구리 뭐야	audio_9	
너구리야	audio_9	
너네 움직이지 마	audio_4	
너는 계속 밟아주고 있어야 돼 오케이 오 뭐지	audio_1	
너는 계속 집중하고 듣고 내 말에 다 따르고 그랬어	audio_6	
너는 왜 또 땅에 있어	audio_2	
너무	audio_1	
너무 늦지 마 일단은 양등 어쩔건데 4명 했잖아	audio_6	
너무 빨라요 교수님	audio_7	
너무 열이 받아서 그만	audio_3	
너무 잘하고 있어요	audio_7	
너무 화가 나잖아요	audio_3	
너블이 죽여버려 너 아 좀 나와 이 새끼야 가만히 있다가 쓸어버리기 쓸어버리기 그렇지	audio_9	
넌 그냥 거기 매달려서 와	audio_3	
넌 또 아	audio_10	
널뛰기 하듯이 자 하나 둘 서잇 그렇죠	audio_5	
넘어가 넘어가 넘어가야 돼 하하하하하하 하하하하하하 멈춰 멈춰 하할렐루야 다행이다	audio_5	
네 고리를 통과하면 되나봐요	audio_10	
네 그 영상에 아주 그냥 그냥 귀엽다고 그냥 난리가 났어	audio_1	
네 넘어갈게요	audio_5	
네 누구시죠	audio_1	
네 뛰면돼 틈 틈있어 틈조심하고 자 왼쪽으로 이번엔 왼쪽으로 캐릭터 왼쪽으로 돌리면 오오 오 됐다 됐다 됐다 아아아아 와아아아아아 와아아아아아 아아아아아아 아아아아아아 1캡이 뭐야 와아 개 주는구나	audio_7	
네 물어보지 않겠습니다	audio_2	
네 밀어주세요	audio_1	
네 바로 가겠습니다	audio_2	
네 밟고 한명씨 그 다음 주황색 같이같이 아 아니 뭐야 누구야 주황색 o 실패 실패 오케 움직이지마 움직이지마 간다 요시	audio_1	
네 아니 진짜 진짜 진짜 여자야	audio_9	
네 아아 그렇겠네요	audio_7	
네 여기서 이 친구 잡아주면서 점프 자 저 친구 죽었어요	audio_10	
네 오늘 이렇게 우리 친구들과 함께 30226023002036203940일까지 올라가고 있습니다	audio_7	
네 오늘 이렇게 체인 투게더 진행해 봤습니다	audio_5	
네 오랜만입니다	audio_8	
네 윤누님 밀어드리고 자 그만 밀어 너무 많이 밀지마	audio_1	
네 자 누구시죠	audio_1	
네 자 방금 보셨죠	audio_10	
네 자 이렇게 모였습니다	audio_1	
네 잡았습니다	audio_5	
네 저번 체인투게더 댓글 반응이 아주 뜨거웠습니다	audio_7	
네 점심을 많이 먹었습니다	audio_8	
네 좋습니다	audio_7	
네 폴가이즈가 신규 테마가 나왔다고 해서 녹화를 켜봤습니다	audio_10	
네 하나 둘 가자 계단계단계단 랄랄랄라 오 번져 파쿠라운데 쪽코바라 loves female 와 어디까지 떨어지는 거에요	audio_7	
네 혜안 님이 제일이요	audio_2	
네가 형한테 와가지고 명신의 사람한테 욕했잖아	audio_9	
네네 어제 몇 시에 주무셨어요	audio_5	
네네네네	audio_9	
네모있는 부분에서 직진만 하면 돼요	audio_10	
네버 기브업	audio_10	
네번은 네절이야 여튼 뭐든 나쁜 놈이야 나쁜 놈이야	audio_6	
네에	audio_8	
네에 오케이 요 뒤로 와서 뒤로 와서 꺽게요 네 편의점이 죽겠대요	audio_5	
넷 둘 그냥 바로 가	audio_7	
노란색 내려봐	audio_3	
노란색 손가락 어떻게 된거 아니야	audio_3	
노란색 올라와봐	audio_3	
노란색 이 새끼 몽둥이 가져와	audio_3	
노란색 잘 봐요	audio_5	
노란색 정신 차려	audio_3	
노란색님 준비되셨어요	audio_1	
노란색이 이제 앞으로 갑니다	audio_3	
노랑아 점프해봐	audio_3	
노랑이 너무 불안해	audio_3	
노랑이 멈춰기야	audio_3	
노래 불러도 돼	audio_7	
노약자는 노약 자석이	audio_2	
놀아보자	audio_9	
놔 놔 놔라 했다	audio_9	
놔 이 새끼야	audio_9	
놔둬대	audio_5	
놔라 이 씨	audio_9	
놔봐	audio_9	
놔야 될 것 같아	audio_5	
누가 떨어진거야 제발 괜찮아	audio_5	
누가 좀 가봐	audio_8	
누가 죽었죠	audio_3	
누가 지각을 했다고요	audio_5	
누구 강퇴할지 자 가자 통 통 통 비켜주고 그렇지	audio_3	
누구 탓이 아니야	audio_5	
누구나 실수할 수 있어	audio_5	
누구세요	audio_9	
누구야	audio_5	
눈 굴아 스폰지밖에 없죠	audio_9	
눈까라	audio_4	
뉴욕이랑 즐거운 데이트해	audio_7	
느끼므 뎌로 느낌대로 가 점프해야되는거 알지	audio_4	
느낌 아니까 우오우우우오 아니 근데 이거 미로의 법칙은 오른쪽 벽만 쩍 짚으면서 가면 됨	audio_7	
느낌왔지	audio_4	
느낌이 3학년 1반 어 뭐야 이거 뭐야	audio_1	
느낌이 내 기분이 그래 1등 할 것 같네	audio_10	
니 연말에 솔로로 있으려 그래	audio_8	
니가 영식이 나 우리 속이고 이래	audio_2	
니가 해냈다	audio_4	
니가 해냈어	audio_4	
니네 니네 이러면 너무 노잼이잖아	audio_10	
니네 야	audio_10	
니들 나와봐 스폰지 봤다	audio_9	
니들은 니들이 별로지 니들도 별로야	audio_9	
님들 3 2 2 이렇게 하는거네	audio_5	
다 가만히 있는 거 꽤 웃겨 서두야 하나 서두야 서두야	audio_4	
다 가면 안 돼	audio_1	
다 같이 다 같이 가로로 가로로 서 봐 1 2 3 하면 뛰는 거야	audio_6	
다 같이 탑 쌓는 거 아닌 거 같아	audio_3	
다 거기로 가는 거였어	audio_4	
다 놔두지 마	audio_5	
다 다 다 야야 마랑 마랑 시청자 다 들어와 반갑다 반갑다	audio_9	
다 뒤로 오세요	audio_1	
다 맞으면 죽어요	audio_2	
다 먹어야 되나봐	audio_1	
다 먹어야 되나봐 빨리빨리	audio_1	
다 밟고 밟으면 초가 늘어나니까 다 밟고 찾아가야 돼	audio_1	
다 어디갔어	audio_4	
다 여기로	audio_10	
다 여기야	audio_10	
다 이제 내려와 자 지나갈게요 지나갈게요	audio_1	
다 지금 뒤로 와	audio_1	
다 타는거 다 타는거 자 우리 새로운게 나올때는 지켜보자고 오케이	audio_1	
다 타야 돼	audio_1	
다 탱크하기 똑같았구나 좋았어	audio_4	
다같이 고마워 고마워 고마워	audio_2	
다들 너무 잘한다	audio_3	
다들 들어왔구먼	audio_4	
다른 데가 못	audio_9	
다른 사람 거 누르잖아	audio_2	
다리 점	audio_9	
다리 조심해	audio_4	
다시	audio_5	
다시 가	audio_4	
다시 가봐 노란색아	audio_3	
다시 가야 돼	audio_4	
다시 다시 네번은 네절이야	audio_6	
다시 다시 다시	audio_3	
다시 돌아가야 돼	audio_1	
다시 왼쪽 다시 오른쪽 위에 보면서 아랄랄랄랄라 오른쪽으로 오른쪽으로 가운데 가운데 가운데ca philosophie 피 들어갈게	audio_7	
다시 자	audio_4	
다시 하기에는 시간이 너무 많은데	audio_1	
다시 하자	audio_1	
다시 해봐 다시 해봐 퉁 퉁 중간중간에 이렇게 빨리 뛰는 새끼들 누구야	audio_3	
다시 해야겠다	audio_1	
다신 안 타겠습니다	audio_8	
다영아 가깝다	audio_9	
다음 당겨줘요 그렇죠	audio_5	
다음 시간에	audio_9	
다음 아온이한테 넘길게요	audio_7	
다음 엘리스 그렇죠	audio_5	
다음 이제 3단계 갈 거예요	audio_1	
다음 차례 갈게요	audio_5	
다음 차례 이거 이거 지금 올라오는 거 이거 맞춰줍니다	audio_5	
다음 턴	audio_7	
다음 호차 탈게요	audio_5	
다이면 뭔 말인지 알아	audio_4	
다주야 살려줘	audio_6	
닭대가리야 밑에 있잖아	audio_10	
당겨봐 어 당겨봐	audio_5	
당겨봐봐	audio_5	
대가리 박어	audio_4	
대구 월줄이야 대구 있어 대구 있어 유후 유후 웰줄이야 대구 월줄이야 원줄이야 대구 있어 대구 있어 호호호호 와 베리 보이써	audio_7	
대기	audio_4	
대답	audio_4	
대박	audio_4	
대신 이어폰으로 전화 줘 경기 이 새끼 번호 지금 다 알거든요	audio_9	
대초말 갈뻔했어	audio_4	
댓글 부탁드립니다	audio_5	
더 내려와봐요	audio_1	
덕이여	audio_2	
데려와 데려왔어 오케이 와와와 가자 가자 가자 자 비켜줘 앞에 앞 사람 가만있어	audio_1	
도둑에 도둑에 연우 빙빙 회오리 갑작 와 묶고 풀어 풀어 풀어 멀미하겠다 조심하시고 여기서 매달려가지고 찌르는거 피하는거에요	audio_5	
도라니	audio_6	
돈 스탑 멈추지 마 잘 오고 있냐	audio_4	
돌멩이들만 전화해봐	audio_9	
돌아가	audio_1	
돕고 돕는 상조상부 오케이	audio_8	
동체실확	audio_9	
돼돼돼돼돼 아	audio_9	
됐네	audio_7	
됐다	audio_2;audio_3;audio_7	
됐다 땡겨	audio_3	
됐다 지금이다 지금이다	audio_9	
됐어	audio_3;audio_4;audio_5	
됐어 한 명만이라도 올라와	audio_4	
됐잖아	audio_3	
되게 빨리	audio_8	
되겠어	audio_9	
되나	audio_3	
두 명 남았네	audio_8	
두분이 약간 앞으로 와주고 자 하나 둘 셋 어 괜찮아	audio_5	
두오오오 까메 잠깐만 잠깐만	audio_6	
둔두라런 요체 전문이죠	audio_8	
둘 둘이 하자 나 죽어주자 오케이 오케이 우리 죽어주자 우리 죽어주자 죽어주자 아오니 채원 죽게 해봐	audio_2	
둘 서이	audio_7	
둘 아	audio_4	
둘이 똑같다	audio_2	
둘이 말하라고 하잖아	audio_2	
뒤로 달려	audio_6	
뒤로 뒤로 바로 뒤에 봐야 돼	audio_7	
뒤로 앞으로 하나 둘 아직 아니네 올려줘 올려줘 올려줘	audio_5	
뒤로 와 더 뒤로 와 뒤로 와	audio_3	
뒤로 와 뒤로 와	audio_3;audio_5	
뒤에 봐 뒤에보고 당겨	audio_5	
뒤에 봐야 돼	audio_7	
뒤에 봐야돼 뒤에봐야돼	audio_5	
뒤에 아무도 없잖아	audio_9	
뒤에보고 땡겨 뒤에보고 당겨야 돼 미안해	audio_5	
뒤지기 싫으면 딱 잡으라고 노란색이	audio_3	
뒤쪽으로 땡겨 땡겨 땡겨	audio_3	
뒤통수 훈련 때리는 거 없냐	audio_4	
듀오 없나요	audio_8	
듀오 해야겠다	audio_8	
드디어 나왔습니다	audio_3	
드디어 탈출인가	audio_4	
드디어 헬레베이터	audio_7	
드릴까 한 마디 더	audio_2	
들려있다	audio_7	
들맹이니	audio_9	
들어가	audio_3	
들어가보세요 였쓰	audio_1	
들어가봐	audio_1	
들어가세요	audio_1	
들어갑니다	audio_3	
들어오든가	audio_9	
들어와	audio_1	
들어와 가자	audio_1	
들어와 들어와	audio_1	
들어와 들어와 들어와	audio_1	
들어와 문 열어	audio_1	
들어와 이 XX야	audio_9	
등잔 밑이 어두운 법이야 얘들아	audio_10	
디스커버 솔로 파티 말고요	audio_8	
딜이 아마 내가 가줘야 되는 거 같	audio_3	
따가다가 딴따란 딴 또또또또또또 띠기 띠기 란 따란 딴 도고도고돈또론또 어 이게 뭐야	audio_10	
따라가자	audio_1	
딱 봐도 다시 가자 다시 가자 올려 올려 올려 하나 둘 셋 한번 점프 이것도 하나 둘 서잉 뽈롱 한 번 더 이어서 뽈롱 괜찮아 뽈롱 그렇지 예서 기빨 같은 거 없지	audio_5	
딱 잡기 하라고	audio_3	
딸기 3개 코코넛 2개 파인애플맛 1개 아 누구 안 뒤지냐	audio_9	
딸깍 되는 뭐해	audio_5	
땅으로 이제 번지점프 하세요	audio_3	
땡겨	audio_3	
땡겨 줄 때까지	audio_4	
떨어져야돼	audio_9	
떨어졌구나	audio_5	
떨어졌어	audio_5	
떨어지는거야	audio_9	
떨어지려고 하는 애들은 가만있어	audio_4	
떨어지면 답 없습니다	audio_7	
떨어지면 우리 집에 가는 거야	audio_5	
또 네 팀 남았습니다	audio_8	
또 들어오기만 해 들어오기만	audio_8	
또 또 또 이거 뭐야	audio_1	
또 앞서가지 말고 줄 꼬였잖아	audio_1	
또 앞은 생각 안 하고 앞으로 막 가지 말고	audio_3	
또 어떤 난관이 기다리고 있을지 궁금하군요	audio_3	
또는 행복이 남아	audio_9	
또롱 또롱	audio_10	
똑같은 색깔이니까 그런 다음에 보라색 좀 빠져 계시고 아니면 빠지지 말던가 아니면 올라가서 그냥 점프를 하시던가 딱딱 딱딱 딱딱 한 다음에 딱딱 하면 되잖아요	audio_3	
똥구렁내나	audio_10	
뚜루루뚜뚜 뚜루루뚜뚜 뚜루루뚜뚜 뚜루루뚜뚜뚜 응 잘가	audio_2	
띠어야 돼 띠어야 돼	audio_1	
라고 하셔서 오늘은 여러분 마이크를 다 켜고 한번 왁자 직걸 박장 대소 체인투게더2를 진행해보도록 하겠습니다	audio_7	
랜덤으로 하시죠	audio_2	
랜덤으로 하자	audio_2	
레이저 쏘고 있어	audio_3	
로바로바 폴가이즈입니다	audio_10	
롤롤롤롤롱 though 벽에서 요렇게 요렇게 여기서 요렇게 가 1등 보인다	audio_8	
마그넷 메이엠	audio_8	
마랑림	audio_9	
마이너스 20kg	audio_2	
마이크	audio_9	
마이크 켜	audio_5	
마이크 켜고 하는 게 훨씬 재밌잖아	audio_7	
마이크 켜보세요 잘했죠	audio_5	
마이크 한번 켜봐 우리 의논해보자 뭘까	audio_5	
마지막이야	audio_3	
마치 12시 정각이 되는것처럼 고장난 시계도 하루에 두번은 맞습니다	audio_5	
마치 콜리버 안다까봐	audio_10	
마크는 혼자서 못 타요	audio_9	
막 누르지 말고 제발	audio_3	
막 위로 올라갔다가 내려갔다가 해야되는건가보다 와	audio_5	
막 저거 맞아요	audio_5	
막 하지 말고 또 저거 나왔다고 천천히	audio_3	
만져보자	audio_2	
만져보자 한 번만	audio_2	
말 들어주세요	audio_1	
말 한마디도 안 하는 거 봐	audio_2	
말까	audio_5	
말도 안 나오네	audio_5	
말미자 같이 생긴 애 있다 가자 오 좋아	audio_10	
말씀에 동의합니다	audio_2	
말에 동의보가 이건 확실하게 해주세요	audio_2	
말을 지그재그로 갈게 지그재그 고양이 하지마 하지마라	audio_8	
말이 안 되는데 이거	audio_7	
말해봐	audio_2	
맞네	audio_2;audio_5	
맞습니다	audio_10	
맞아	audio_6;audio_7	
맞아 난 사실 스쿼드에 강한 사람이었어	audio_8	
맞아야 정신을 짜리는데 이거 하지만 누가 실수했다 할 수 없어 각자의 속도가 다르기 때문에 뒤에서 좀 느린데 내가 먼저 앞장서서 가다가 떨어진 걸 수도 있어	audio_4	
맞아졌어	audio_4	
맞아주고 탄력 받아주면서 바깥쪽에 부스트 쫙 찾으면서 바깥쪽에 또 부스트 한 번 더 찾으면서 바깥쪽에 또 부스트 하나 더 있겠죠	audio_10	
맞어	audio_7	
맞으면 떨어져 나 또 엎어줘	audio_8	
맞자	audio_10	
맞지	audio_4;audio_5;audio_7	
맞지 이긴거지	audio_8	
매달려	audio_5	
매달려야 되지 않을까	audio_5	
매달리는 건가 보다	audio_6	
맨 뒤로 오시고 빨간색방 가운데로 오세요	audio_1	
맨 마지막에는 한 명만 남으면 되는 거예요	audio_1	
맨 위에 있는 데를 떨궈야 돼	audio_2	
맨 풍차장애물코스	audio_10	
맨날 꼴찌 되는 것만 놀리고 말에 동의합니다	audio_2	
머리 위에 올라가지 마	audio_3	
머리 위에다 씌워야 되나 보다	audio_3	
머리에 뭐 냄비 쓴거야	audio_8	
먹어	audio_1	
먹어 찢어 찢어버려 사지를 찢는다는 느낌으로 찢어	audio_3	
먹어주고 그대로 쭉 갈게요	audio_1	
먹어주고 여기 한번 들어가보자	audio_10	
먹어주고 윤여 님 윤여 님 데려와야 해 으응	audio_1	
먹어줘	audio_1	
먹어줘 여기 먹어	audio_1	
먼저 가기보다는 우리 서로의 발판이 되어주자 우리 서로의 발판이 되어주자	audio_1	
먼저 가봐	audio_2	
멈추는 순간	audio_4	
멈추지 말고 아	audio_4	
멈추지마	audio_6	
멈춰	audio_3;audio_6	
멈춰 아니 멈춰 멈춰 멈춰 멈쵸 멈춰 멈쵸 멈쳐 멈쳐 멈쳐 멈쵸 멈쵸 멈 Kentucky 아	audio_6	
멈춰 외쳤는데	audio_3	
메이플도 해볼까	audio_9	
멘트 치세요 멘트	audio_2	
명예훼손이야	audio_9	
몇 개 예상하세요	audio_7	
몇 번을 했는데 이거를	audio_3	
몇 살	audio_9	
모드가 있네요	audio_4	
목도리 도마뱀이야	audio_3	
몰리가 말을 해도 이거보단 많이 하겠다	audio_2	
몸을 얇게 만들어가지고 위로	audio_3	
못 살았다 못 살았다 올라와 올라와 올라와 아 콩콩 창날뻔했어	audio_6	
못 왔지	audio_9	
무슨 솔로는 솔로야	audio_8	
무슨 일 있었나요	audio_7	
무시야	audio_7	
무임승차하러 가자 남은 인원은 24명 1대24 블런더 보트 이건 뭐야 보트에서 떨어지지 마세요	audio_8	
문 열게요 비켜주세요	audio_1	
문 열려	audio_1	
문 열어	audio_9	
문 열어세요	audio_1	
문 열어줍시다	audio_1	
문 열어줘	audio_1	
문 이미 크게 떠 있긴 한데 더 크게 뜨란 말이야	audio_10	
문어 대겟 뭐야 아아아아아아아아	audio_9	
문을 크게 뜨란 말이야	audio_10	
물 좀 먹자	audio_4	
물고기 슈퍼챗 2천원 감사합니	audio_9	
물의 호흡 맞고 싶으세요	audio_1	
뭉쇄 진짜 아온이 피지컬 1도 없어가지고 맨날 지져 게임 존나 못해가지고 맨날 그러자 동의합니다	audio_2	
뭐 고무중놀이하는거야	audio_1	
뭐 먹었어	audio_8	
뭐 어디야	audio_10	
뭐 하는 거야	audio_9	
뭐가 안 돼	audio_3	
뭐가 쳤어	audio_4	
뭐가 항몸이야 항몸 무슨 SEC야 천천히 해 그레이 천천히 그레이한테 좀 속도 맞춰 우리 그레이 친구가 살짝 살짝 아프다	audio_4	
뭐고 뭐 지금 나있어 스폰지바보 야 이 새끼야 아니 저 새끼는 자꾸 아 미치겠네 바닥떨어져	audio_9	
뭐냐	audio_4	
뭐라고	audio_6	
뭐야	audio_1;audio_2;audio_3;audio_4;audio_5;audio_6;audio_7;audio_9	
뭐야 3연승이야	audio_2	
뭐야 깼어	audio_9	
뭐야 동체 시력 뭐야	audio_2	
뭐야 밝아졌어	audio_7	
뭐야 이거	audio_3;audio_9	
뭐야 이게	audio_2	
뭐야 저거 뭐야	audio_9	
뭐하세요	audio_10	
뭐해	audio_9	
뭔 소리나 들었지	audio_7	
뭔 아 그니까 내가 멈추라 해도 안 멈추지	audio_6	
뭔가 팀이 있으니까 자 이번엔 이제 해보자 나 니 팬스 색깔 맘에 들어 나도 저런 팬스 있 아 이거 재밌어	audio_8	
뭔데	audio_2;audio_9	
뭔데 이거	audio_2	
뭔데 이거 조심해 아오	audio_4	
뭔데 이게 어떻게 하는 거야	audio_9	
뭔데 저걸 자꾸 줄을 아 줄을 잡아서 땡길 수가 있나	audio_4	
뭘 이렇게 갈고 나 어떡하냐	audio_3	
미끄러지면서 결승선까지 경주하세요	audio_10	
미끄럼들 미끄러지면서 고리를	audio_10	
미리 가있어 내가 누를테니까 가있고 자 그런다음에 제가 도착하면 같이 가요	audio_5	
미안	audio_3	
미쳤다	audio_6;audio_7	
미쳤어	audio_6	
미친 어떻게 저걸 살수있지	audio_3	
미친 잠수해야돼 와우	audio_4	
미친 집중하고 있어	audio_3	
미키마우스 기다려	audio_9	
미키마우스 미키마우스 기다려	audio_9	
민트초코 따라가 휴 올롤롤롤 얘들아 어디야	audio_10	
민트초코 어디야	audio_10	
민호야	audio_1	
믿음	audio_1	
밀어	audio_1;audio_8	
밀어 밀어오라오세요	audio_1	
밀지 마 밀지 마	audio_8	
밀지 마세요	audio_8	
밑에 내려간 친구를 회색이 내려 주황색이 내려가봐봐	audio_3	
밑으로 떨구는 거야	audio_2	
바뀐 순간 바로 눌러야 돼 버튼을	audio_2	
바다 맵도 1등 하라고요	audio_10	
바다맵이다 젤리빈 언덕구역 구역 주변을 뛰어다니며 승리하는데 충분한 수혜링을 수집하세요	audio_10	
바닥 끝에다 다행이다	audio_7	
바닥이 이거 미로야	audio_10	
바로 가	audio_5	
바로 가자	audio_5	
바로 가자이	audio_7	
바로 바로 가야돼	audio_7	
바로 삭제할게요	audio_10	
바로 시작해보도록 하겠습니다	audio_1	
바로 이거야	audio_3	
바로 점프	audio_7	
바로바로 피꼬 파크 네 오늘 해안저스 여러분들을 데리고 피코파크라는 협동게임을 해보려고 합니다	audio_1	
바보들아 기다려	audio_4	
바이더맨	audio_6	
바퀴벌레 같아	audio_5	
박수	audio_5	
박수 꼴찌는 묻지 마세요	audio_2	
박스 박스 서받아 빨리가다 올게 연 apprenticeship 넘치지 farther 2시 5분인데 왜냐면 3시에 여자친구 만난다 해가지고	audio_7	
박스 박스 치워주	audio_1	
박스 치워주	audio_1	
박스 치워주시고 야 5초 남았다	audio_1	
박자를 맞춰야 돼 뭔 말인지 알겠지	audio_3	
반갑다 친구들아	audio_3	
반갑습니다	audio_8	
반년 만에 돌아와도 어김없이 1등하고 돌아온다는 말씀드리면서 업기 기능이 업데이트 됐으니까 여러분 친구들이나 연인과 함께 주	audio_8	
반대 방향	audio_9	
반응 속도 게임이야 이거	audio_2	
반홍식 반홍식이 멋있어	audio_7	
발 걸린다 발 걸린다 어우 올라 올라 올라 발 걸린다	audio_5	
발 누구야	audio_5	
발꼬임 발꼬임	audio_1	
발판 움직여줘야지 이제 그렇지 위에 서로 발판 해줘야돼	audio_1	
밝은 점프 배틀	audio_2	
밟고 올라가고	audio_3	
밟아	audio_1	
밟았어 밟았어	audio_5	
밟으면 밟을수록 뭐가 늘어나네 올라가 올라가	audio_1	
밟으면 복	audio_5	
밟으면 안되는거네	audio_5	
밟지 마	audio_2	
밥 벌어먹기 힘들다	audio_8	
방금 찰나의 순간에 딱 잡으면 상대가 죽습니다	audio_10	
방송 봐	audio_9	
방향키 점프 방향키 점프 앞으로 점프할 준비 하세요	audio_5	
배 remembered 아 진짜 바보 점프 한번 해볼래요 아오니님	audio_5	
배틀에 빠지면 안 되는 게 뭐죠	audio_2	
버져버져 자 여기 그렇지 오 타이밍보소 타이밍 너무 좋아 되는날이야	audio_10	
버텨야 돼	audio_4	
버텨줘요	audio_1	
번호 다 떠요	audio_9	
벌써 재밌어	audio_6	
별만 늘었는데 길	audio_7	
보라색 땡겨	audio_3	
보라색 미안	audio_3	
보라색이 분홍색 위에 올라가 봐	audio_3	
보시기 전에 인간들은 AI에 비해 좋아요를 잘 안 누른다	audio_8	
보여주자 이게 뒤에서 누가 멈추고 이러면 안 돼	audio_4	
보여줘	audio_7	
보통이 아닌데	audio_5	
볼레 잘 봐 형이 어떻게 돈 버는지 두 눈 똑바로 봐 너의 사료값을 어떻게 버는지 나한테 감사함을 드릴거야	audio_10	
봉쇄	audio_2	
봐봐	audio_1;audio_3	
부딪치면 안 돼	audio_3	
부딪치지 마	audio_3	
부딪치지 않아야 돼	audio_3	
부셔 부셔 부셔	audio_2	
분홍색 넘어가시라고 분홍색 넘어가시라고 더 가시라고 더 더 더 가시라고 분홍색 더 가시라고 왜 저래	audio_3	
불쌍해	audio_3	
불판 위에 올라오시면은 아주 우리 삼겹살처럼 자 끌고 가죠	audio_5	
블럭	audio_1;audio_10	
비켜	audio_1	
비켜봐	audio_1;audio_3	
비켜봐 비켜봐	audio_2	
비켜줘	audio_3	
비켜줘야죠	audio_1	
비키세요	audio_10	
빅 이뚜스 유 나 혼자 다녀야겠다	audio_10	
빙빙돌이	audio_10	
빠져 나가 나가 나가	audio_2	
빨간 들어가	audio_3	
빨간 라이트도 desper Age 2 쓰흡 좀 이쪽으로 와봐요 왼쪽으로 어 더 붙어 봐요	audio_1	
빨간 인포임	audio_1	
빨간색 깝치지 마	audio_3	
빨간색 오른쪽으로 좀 붙여보세요 그냥 죽어 그냥 죽어 죽어 죽어 전부 다 오른쪽으로 부딪히지 않게 붙도록 하겠습니다	audio_3	
빨간색이 그 다음에 아니 회색	audio_3	
빨리 가야 되나	audio_3	
빨리 가자 빨리 가자	audio_9	
빨리 들어와	audio_1	
빨리 들어와 자 3학년 2반 자 일단 뭐야	audio_1	
빨리 미안하다고 해	audio_9	
빨리 빨리 빨리 그렇지	audio_4	
빨리 열어 빨리 열어	audio_3	
빨리 오기야 야 다시 가자 천천히 천천히 천천히 그렇지 그렇지 그렇지 좋아	audio_4	
빨리 와	audio_3;audio_8	
빨리 해야 돼	audio_9	
빨빨 안 와	audio_4	
뻥 맨매치야	audio_2	
뼈다귀 길 개 어려운데	audio_4	
뼈다귀 조심	audio_4	
뽈롱	audio_8	
뾰족할 때 가자 뾰족할 때 아니 영식아 어	audio_7	
뿡 내꺼야 뿡 내꺼야	audio_1	
삐빙 돌아가는 잡아 잡아 잡아	audio_5	
사과하면 다야	audio_3	
사람 죽여놓고 미안이면 다야	audio_3	
사람이 저렇게 한결같은데 감사합니다 게임 잘하네	audio_5	
사랑	audio_1	
사실 제가 유튜버 자아로서 지금 게임을 하고 있었는데 안되겠다	audio_8	
사실상 지금 꼴찌 결정전이거든요	audio_2	
사실상 확정이고 1등 아오니 채원이 둘이 할까	audio_2	
사플이 어딨을까 둘 셋 아니 콜 사플 이거 중요해 아니 이래서 내가 말 끄려고 한 거야	audio_7	
살금살금 이거 재밌지	audio_8	
살려	audio_4	
살려어어어어어어어어어	audio_4	
살려어어어어어어어어어어어어어어어어어어어어어어어어어	audio_4	
살려줘 살려줘 끝까지 끝까지 끝까지 아 끝까지 끝까지 오케이 아니 나와 나와 빨리 나오세요	audio_1	
살릴 수 있다	audio_3	
살았다	audio_4	
살짝	audio_3	
삼수 스페이스 맞아요	audio_5	
새끼 죽여버려	audio_9	
새끼들아	audio_9	
새끼야	audio_3	
새로운 곳으로 가자 와 진짜 여기서 한마디 해줘 영식아 우리 지금 뉴 모습이잖아 한마디 하나 둘 좋습니다 집중하는 모습이 예쁩니다	audio_7	
샌드백이 좋나 맛이 있음 언니가	audio_6	
생각하란 말이야	audio_3	
서로 거 눌러주지 말고 자기 거만 누르게 해가지고 물음표에 최대한 가까운 사람이 이기는 거야	audio_2	
서로 그냥 서로 얘기하는 거예요	audio_1	
서로 밟아주는 거	audio_2	
서로 텔레파시 제가 저번에 텔레파시를 받았던 것처럼 서로 텔레파시를 통해서 해보도록 하겠습니다	audio_1	
서로꺼 눌러주지 말고 자기꺼만 누르게 해가지고 뭐하냐고	audio_2	
서이	audio_7	
서잉 어어어 이거 틀려	audio_5	
서희의 외교던판 자 이것도 시프트 점프가 아니겠죠	audio_5	
선을 따라가라고	audio_10	
성화 사장님과 직원들의 지옥에 야유해 살려	audio_4	
세개 여기있다 요거 먹어	audio_9	
세엣 쥬쥬쥬 쥬쥬 쥬	audio_6	
센스있게	audio_4	
셋 둘 선생님 하나 둘로 맞춰주시면 안 돼요	audio_7	
셋 둘 하고 뛰자 다음 턴에	audio_7	
소닉이네 소리가 띠링 소닉 소리 나네	audio_10	
소리 들리	audio_9	
소리 왜 들려	audio_9	
소리 좀 마셔 올려줘 올려줘 그렇지 키를 가지고 가가가가가가가가가가 5 4 3 1 5 4 3 1 여기다 여기잖아 이 멍청이들아 가자	audio_3	
소리샘으로 연결됩니다	audio_9	
속도에 맞출 테니까 그레이가 먼저 가 우리의 새끼 발가락이다 땡 제발 제발 개 같은 개 가자	audio_4	
속만 안 터지면 돼	audio_3	
손 놔 손 놔 손 놔	audio_9	
손에 땀을 주게 만드는군요 만드는군요	audio_10	
솔로밖에 없네	audio_8	
솔직히 떨어질 거면 초반에 떨어지는 게 맞아	audio_5	
솔직히 여기는 잘했잖아	audio_6	
수고하십쇼	audio_4	
수영가능	audio_4	
숨벌려 이 새끼야	audio_9	
쉬워	audio_6	
쉬워 쉬워 쉬워 옆으로 방향키만 하면 돼	audio_5	
쉽게 말해서 서로가 한 몸이 되어서 몸에 사슬을 묶은 채 정상으로 올라가면 되는 게임인데요	audio_5	
쉽네	audio_1;audio_5	
쉽다 어 아 이거 옆으로 점프하는건데 이거 그러면 둘둘 먼저 가는게 나을 것 같아	audio_5	
슈우우우우	audio_4	
슈퍼주니어 뭐야	audio_4	
스톱 아니야 그냥 나 혼자 갈 거야	audio_3	
스톱스톱스톱 멀리멀리멀리멀리멀리 아오니가 하나 두세 세 지금 오한 몸이야 지금 반복이야	audio_7	
스파이더맨 점프	audio_6	
스파이더몬드 왜 자꾸 앞에 있냐고 저 새끼가 아니 저 새끼 나오라고 미친 새끼야	audio_9	
스펀지 받기 아 이 새끼들 진짜 지랄한다	audio_9	
스펀지 받으러 왔다	audio_9	
스펀지만 쳐서 이겨야돼 나와 나와 아 머리 아파 죽어라 죽어 오케이 6명 마지막 라운드야	audio_9	
스펀지바디 없잖아	audio_9	
스펀지발 잡아줘 저 새끼 이거 되어졌으면 죽겠다	audio_9	
스펀지발이	audio_9	
스펀지밥 또 있네	audio_9	
스펀지밥 진짜 죽여버리고 싶네	audio_9	
스펀지밥은 없습니다	audio_9	
스펀지버 어디 갔어	audio_9	
스페이스인가	audio_5	
스포트라이트 어딨어	audio_9	
스포트라인이 어디야	audio_9	
스포해도 돼요 여러분들	audio_2	
스폰지밭 개XX야	audio_9	
스폰지밭 내가 더 빠르쥬	audio_9	
스폰지밭 뒤	audio_9	
스폰지버프 거기 왔다	audio_9	
스폰지버프 어딨어 이 새끼야	audio_9	
스폰지버프 여깄다	audio_9	
스폰지버프 오는데 다 떨궈	audio_9	
스폰지버프 찾아라	audio_9	
스푸키 슬링거 와우 와스 닷 이거 신맵인가봐	audio_8	
스피드 슬라이더	audio_10	
슬라임 밟으면 안 되는 건 맞지 않아 그치	audio_8	
슬슬 여캠이랑 합방할 때가 됐네	audio_9	
승리	audio_10	
승리 업기는 어떻게 하는거야 도움 요청이건가 H 한번 눌러볼게요	audio_8	
승리 이게 진짜 어렵더라 밀지마	audio_10	
승리 자 이제부터 우리 브리핑은 2로 하자 2 2 2 이에 2 2 2 이에 2 자 우리 단어 바꾸자	audio_7	
시스템이 안 맞다	audio_1	
시원하게 처음부터 가자	audio_4	
시청자 3명쯤은 잃어도 괜찮다	audio_4	
시청자 여러분 반갑습니다	audio_8	
시청자 여러분들 반갑습니다	audio_8	
시청자니까 괜찮죠	audio_4	
시프트인가	audio_5	
신맵 바다맵 여러분 좋아요도 받아볼 수 있을까요	audio_10	
실 꼬인다	audio_3	
실을 꼬아서 땡겨서 야 이제 줄 맞추자	audio_3	
싫어요	audio_6	
쌓아야지 탑을	audio_3	
아 2가 너무 네 으아월월월월월월월월월월 어흐	audio_7	
아 3대 30이었는데	audio_5	
아 4명이구나	audio_8	
아 Mystic 지니몹 폼 미쳤어	audio_2	
아 가	audio_3	
아 가면 되나 가 그 길이 틀렸다 할지언정 우리 넷이 같이 가면 그 길이 맞는 거야	audio_4	
아 가자	audio_1	
아 감사합니다	audio_2	
아 게임 시작	audio_3	
아 계속 도는거구나	audio_8	
아 공 튀기기 이런 거 아니야	audio_2	
아 그거였어	audio_1	
아 그래	audio_7	
아 그래 나 별로라고 해	audio_9	
아 그러게	audio_6	
아 그럼 왜 내가 관전을 왜 이런걸 개웃기네	audio_9	
아 그렇게 하지 말자	audio_7	
아 그렇네	audio_2	
아 그립다	audio_3	
아 근데 듀오 모드가 왜 안되지	audio_8	
아 근데 점수 안 올라가나	audio_2	
아 근데 진짜 이새끼 잘하긴 한다 저 새끼 없을 때 할게요	audio_9	
아 근데 첫 게임이라서 그래 첫 게임이라서 어떻게 하는 거야	audio_9	
아 기다려	audio_7	
아 까비	audio_2;audio_8	
아 나 관전이야	audio_9	
아 나 근데 재능이 있어	audio_9	
아 나 뭔지 알았다 이거 어	audio_2	
아 나 이거 잘 못하는데	audio_8	
아 나 진짜 미친 아저씨야	audio_1	
아 나 진짜 역시 잘했는데 나와봐 저	audio_9	
아 나 진짜 졌다	audio_9	
아 나 진짜 폐초말이야	audio_4	
아 나와 나와 씨	audio_9	
아 나와봐	audio_9	
아 나와봐 나와봐	audio_9	
아 나와봐 빨리 나와봐 한판만 하자 한판만 좀 해보자	audio_9	
아 난 매력이 없다	audio_5	
아 난 몰랐어	audio_8	
아 내가 잘할게 아 이거 오디오 끄는게 나은 것 같다 오디오 끄자 오디오 끄자 마이크 끄께 마이크 이러고 있었구나 너희들 오케이 유튜브 각 잡는다고 놓지 마시고 잠깐 놔야 될 것 같아	audio_5	
아 너무 아쉽다	audio_9	
아 너무 잘했는데 아 저 새꺄가 고인물인가	audio_9	
아 너무 힘들어	audio_3	
아 너야	audio_8	
아 노란색 나와 죄송합니다	audio_3	
아 노란색 아 노란색 자꾸 나한테 멈추래	audio_3	
아 노란색이 지금 올라가면은 내가 봤을 땐 좀 위험해 좀 기다려야 돼	audio_3	
아 노랑아 너만 뭐 키보드 뭐 개큰걸로 하니	audio_3	
아 높은 데 가야겠구나	audio_9	
아 놓으라고 좀	audio_9	
아 놔	audio_9	
아 누가 밀었어	audio_8	
아 누구야	audio_4	
아 누워라고 이 새끼야 어떻게 나가요	audio_9	
아 니새끼 문어	audio_9	
아 님들	audio_1	
아 님들 화이팅	audio_1	
아 다 했네	audio_1	
아 당연하죠	audio_10	
아 도착했다니까 이거봐바 이스리스가 길을 잘 찾잖아	audio_7	
아 돌리는거다	audio_7	
아 됐다	audio_3	
아 뒤를 맞추는거네	audio_7	
아 듀오 모드 하고싶은데 아 듀오 여깄네	audio_8	
아 듀오가 없나 봐요	audio_8	
아 들어올 수 있지	audio_3	
아 땡겨주기가 너무 좋은데	audio_4	
아 떨구는 거네 밑으로	audio_2	
아 또 이거야	audio_2	
아 라면 먹고 싶다 잠깐만 밟으면 안 될 것처럼 생기지 않아요	audio_5	
아 맞추는거다 돌려서 같이 밟아야돼	audio_7	
아 맨 마지막 있는 사람이 계속 밟고 있어야 되는데 가봐 가봐 아웅이가 맨 마지막 그러네	audio_7	
아 맨 마지막에 누르는 사람이 이기는 거네	audio_2	
아 멈추지마 왜 그래	audio_6	
아 목 아파	audio_3	
아 뭐	audio_1	
아 뭐야	audio_2;audio_8	
아 뭐야 너무 쉽네요	audio_7	
아 뭐야 뭐야 뭐야 잠깐만 내가 살릴게 버티고 있어 내가 버티고 있어 빨리 올라와	audio_4	
아 뭐야 뭐야 아니야 아니야 여기서 이번에도 또 그거 해야 될 것 같애	audio_1	
아 뭐하냐 이제 야 마크 재밌냐	audio_9	
아 미스터 빅 이투스 갓 갓 갓 파이널 라운드 롤 어 저스 폴 비포 오케이 완두콩 아직도 하나 남았구만 이름이 뭐였지	audio_10	
아 미안해 아악 하하하핳 오 뭐야	audio_10	
아 바로 가야돼	audio_7	
아 별 만들지 말고	audio_3	
아 보라색 개불쌍하네	audio_3	
아 보라색 점프하지 마	audio_3	
아 보이는구나	audio_2	
아 속 터져	audio_3	
아 쉽네	audio_5	
아 슬라임 등반	audio_8	
아 실패	audio_2	
아 씨	audio_6	
아 아 뭔데 아 잠깐만 이거만 보고 할게 잠깐 이거 뭐하는 건데 여기서 답변 타일 어딨어	audio_9	
아 아 아 레 레 입니다	audio_1	
아 아 아 아아악 아아아아악 아아아아아아악 이 새끼야 어디있어	audio_9	
아 아 음 나 아 아 오케이 오케이 음 나 음 나 운빨이다 이씨 그렇지 나잇쏘아	audio_9	
아 아 이거 뭐야 매달리는거야	audio_5	
아 아 죄송합니다	audio_3	
아 아 진짜 나 세개만 줘 여깄다	audio_9	
아 아 진짜 어디 갔다 왔어	audio_4	
아 아니 어디있어 황금 여깄다	audio_9	
아 아니구나 위에 뭐가 많네	audio_5	
아 아빠야	audio_9	
아 아우 뒷목	audio_3	
아 악어 진짜 하지 말라고 악어 하지 말라고 진짜 아니 악어 왜 그러냐고 진짜 둘이 싸워 둘이 싸워	audio_8	
아 안 보여	audio_2	
아 알려주네	audio_5	
아 알았어	audio_7	
아 야	audio_3	
아 야 나 목 쉴 거 같아	audio_3	
아 얘네 너무 노잼이야	audio_10	
아 얘들아	audio_8	
아 어어 아니 근데 저 누구 만나는지 아는데 여자 만나러 가는 거 같습니다	audio_7	
아 여기 뭐야	audio_7	
아 여기 아냐아냐아냐아냐 일로직진일로직진일로직진 날 한번 올려줄 수 있겠어	audio_7	
아 여기 있어야 돼	audio_9	
아 여기는 어려워 미끄럽네 좋아 힘내 화이팅 화이팅 화이팅 능숙하다	audio_3	
아 여기다	audio_8	
아 여기다 잠수 어떻게 하셨지	audio_5	
아 여기로	audio_7	
아 여기로 올라가는 거다	audio_7	
아 여기서 1등 해야되잖아	audio_9	
아 여기서 한번 더 꺾어야 하지 않아	audio_7	
아 여기야	audio_10;audio_9	
아 여기에요	audio_10	
아 여러분	audio_3	
아 여러분들 2단계부터 굉장히 힘들었습니다	audio_1	
아 연속으로 따다다다다 밀어야 된다 이거	audio_3	
아 열려있는 체인	audio_4	
아 예예예 반갑습니다	audio_5	
아 오케오케오케 제발 하	audio_9	
아 오케이	audio_1;audio_9	
아 오케이 오케이 아 맞다	audio_2	
아 오케이 오케이 오케이 오 오케이 오케이 오케이 스페이스박을 꾹 누르고 있으면 된다 살려줘 살려줘	audio_5	
아 오케이 오케이 외웠어 외웠어	audio_7	
아 오케이 오케이 일단 모르겠으면 멈춰봐 알았지	audio_5	
아 오케이 오케이 한 번 다시 해보자 적당히 무임승차하다가 내려야 되나 봐요	audio_8	
아 오케이 자 여기까지만 가자 가는 거야	audio_7	
아 올라간다	audio_5	
아 올라갔더니 뭐라고요	audio_1	
아 왜 김채원 나한테만 보내냐고	audio_2	
아 왜 나 뒤야 아니지 뒤에 가면서 애들을 바라볼 수 있잖아 가죠	audio_10	
아 왜 늦고 간발이네	audio_5	
아 외웠어	audio_7	
아 우리 구독자 분들이다	audio_8	
아 우리 친구들의 전력으로 봤을 때 저랑 해석을 해드릴게요 못하시면서 너희가 용감하다면 이곳에 올라갈 수 있을 것이다 떨어지지 않도록 하여라 대충 이해하셨죠	audio_5	
아 이 맵을 몰라서 그래 어떻게 하는건데 아니 여기 못올라가	audio_9	
아 이 새끼 뭐하는 새낀데 저거	audio_9	
아 이 새끼 적용러 새끼 아니 나오라고 총 아 진짜 아 진짜 하지마봐 하지마봐 하지마봐 하지마라	audio_9	
아 이 새끼들 없잖아	audio_9	
아 이 진짜	audio_9	
아 이 헛공 지렸다 이제	audio_6	
아 이거 1등 남을 때까지야	audio_9	
아 이거 계단 만드는거야	audio_1	
아 이거 계속 밟아주고 올라가야 되는데	audio_1	
아 이거 계속 올라가는 거구나	audio_1	
아 이거 그거다 한명 떨궈가지고 하는 거 떨어지는건 내 전문이니까 내가 떨어져볼게	audio_7	
아 이거 내가 올라가줘야 되는 거구나	audio_1	
아 이거 또 있네	audio_9	
아 이거 많이 안 해봤는데 그래도 해야지	audio_8	
아 이거 밟는 거야	audio_2	
아 이거 봐봐	audio_9	
아 이거 싫어 보고싶어 제가 성장판이 열려있다고 했잖니 아 근데 지금 제발 내 제발 제발 내 몸이 제일 무서워 이겼다	audio_2	
아 이거 아까 한 거구나	audio_10	
아 이거 아니야	audio_9	
아 이거 어떻게 열어	audio_9	
아 이거 어쩔 수 없어서 솔로 해야겠네	audio_8	
아 이거 왼쪽에 밀어야 되네	audio_1	
아 이거 켠왕이에요	audio_6	
아 이거다 매달리는 거 아아아아아아 자 오세요	audio_5	
아 이거야	audio_2	
아 이건가봐	audio_7	
아 이게 느낌이 오잖아	audio_6	
아 이게 리	audio_10	
아 이런식으로	audio_1	
아 이렇게	audio_6	
아 이렇게 가야되는거구나	audio_10	
아 이렇게 다 내릴 수도 있구나	audio_8	
아 이렇게 밀고 3명 밀고 아 그렇지 저게 이제 이거든요	audio_1	
아 이렇게 좋았습니다	audio_1	
아 이렇게요	audio_1	
아 이번엔 내가 누구를 업어주고 싶은데 어 업어줄게 업어줄게 일로와	audio_8	
아 이번엔 내가 캐리했다	audio_1	
아 이번엔 외우 지 말자 나 업어줘	audio_8	
아 이제 좀 괜찮네	audio_7	
아 일단 그냥 올려줍시다	audio_1	
아 잘하네	audio_5	
아 잠깐만 뒤에 있는 새끼 어디 많이 봤네	audio_9	
아 잠깐만 뭐 어떻게 해야 돼	audio_3	
아 잠깐만 아 잠깐만 아이씨 잠깐만 큰일 났다	audio_8	
아 잠깐만 아 지금 정신없다	audio_8	
아 잠깐만 잘못했다	audio_5	
아 잠수해야돼	audio_4	
아 저 궁금해서 그래요	audio_9	
아 저 자석이 있는 기계에 빨려지면 안 되는 거야	audio_8	
아 저격 들어왔다 조졌다	audio_9	
아 저기	audio_9	
아 저기있다 저기있다 아 저거 움직이는구나	audio_9	
아 제가 대신 사과드릴게요 괜찮아요	audio_2	
아 제발	audio_3;audio_4;audio_9	
아 제발 가만	audio_3	
아 제발 너무 아쉽다	audio_9	
아 제발 아	audio_9	
아 제발 아 제발	audio_9	
아 제발 제발 아 이거 꺼 빼야돼	audio_2	
아 제발 풍파하지 마	audio_2	
아 조금만 안 돼	audio_9	
아 좋다 드디어 이제 말평 웃겨봐 요요요요요요요요요요 어어어 여보세요 여보세요 웃겨 네 내가 지금 병원에다 전화했나요	audio_9	
아 좋았습니다	audio_1	
아 좋았어 가자 가자 가자 좋아 제발 제발 제발 나를 올려야지 누구를 올리는거야 제발 나 가만 있을게 제발 그렇지 어휴 고마워	audio_4	
아 주먹이 점점 커지는구나	audio_2	
아 줄넘기	audio_9	
아 지금 반 이상 왔어요	audio_7	
아 지능탕 싸우면서 죽었다	audio_2	
아 지랄하지 마	audio_9	
아 진작에 말을 하지	audio_6	
아 진짜	audio_2;audio_6;audio_9	
아 진짜 1등 할 뻔 했는데 전체 1등 해야돼	audio_9	
아 진짜 나	audio_6	
아 진짜 나와봐	audio_9	
아 진짜 너구리야 제발 하지마	audio_9	
아 진짜 너무 아쉽다	audio_9	
아 진짜 돌멩이만 전화해줘 언제 오나	audio_9	
아 진짜 아 나와	audio_9	
아 진짜 아 나와봐	audio_9	
아 진짜 아니야	audio_2	
아 진짜 아쉽다	audio_1	
아 진짜 안 돼	audio_2	
아 진짜 야	audio_5	
아 진짜 양띵 선행 진짜야	audio_6	
아 진짜 얘기해 주세요	audio_9	
아 진짜 열심히 해야겠다	audio_2	
아 진짜 오늘 깨는 거 아니야	audio_7	
아 진짜 왜 그래	audio_8	
아 진짜 이 새끼들 나오라고 진짜 놔봐 놔라고 몇 등이야	audio_9	
아 진짜 잠깐만 기다려주세요	audio_9	
아 진짜 저거 왜 안 먹어지는구나 저 새끼 어떻게 먹었어	audio_9	
아 진짜 지금	audio_9	
아 진짜 진짜 하지 말라고 야 악어도 내가 지켜본다	audio_8	
아 진짜 하지마	audio_8	
아 진짜 한 번만 나와봐	audio_9	
아 진짜 한강이야	audio_2	
아 진짜 형 좀 하자	audio_9	
아 찾았다 찾았다 오케이 오케이 듀오 찾았다 드디어 완벽한 균형 자 제 친구의 모습을 한번 살펴보도록 하겠습니다	audio_8	
아 쿰쿰이 템포 개빨랐어	audio_6	
아 클라우드 잡으면 1등이야	audio_9	
아 팀플을 찢은 게 아니라	audio_3	
아 평소 친구 있는 건 아니지	audio_4	
아 포기해야 돼	audio_10	
아 한 번은 떨어져야지 우리 구독자들이 아시니까 다시 얘기해봐 죄송합니다	audio_5	
아 헬레베이터가 아니야 뭐지	audio_7	
아 화내지 말아야지 벌써 화내면 큰일나는데 이거 안되는데 이거 야 빨간색아 얘는 점프욕이 낮은거야	audio_3	
아 훅 본 저 쥐새끼 뭐야	audio_9	
아 흐으으으으으으으으으	audio_4	
아 흠 아이 처음에 먹는 거 의미 없어	audio_2	
아가라 찬스	audio_10	
아가라 찬스 맨	audio_10	
아까 누가 떨어진 거야	audio_7	
아까 됐는데	audio_7	
아까 한참 때인데 어 뭐야	audio_5	
아까랑 똑같은 거 알겠지 오케이 오른쪽 다가올 때 가아아 가아아아 이번역은 14 Street Station 입니다	audio_7	
아까부터 들어왔다	audio_2	
아까부터 어	audio_6	
아깝다	audio_2	
아깝에	audio_8	
아냐	audio_2	
아냐 아냐 아냐 레디하고 시작하고 제일 먼저 눌러야 돼	audio_2	
아냐 아냐 아냐 잠깐만 오케이 자 하나 둘 셋 하면 점프 가자 하나 둘 셋 슈우우우우우우 자 멈춰 보고 가자 올려주고 올려주고 한 명씩 올려줘야 돼	audio_5	
아냐 아냐 이제 알겠어	audio_9	
아냐아냐아냐아냐 아니야아 vorbei 보고가자 보고가자 돌아가네	audio_5	
아니	audio_1;audio_8;audio_9	
아니 200만 요통 맞냐고	audio_2	
아니 거기 가서 뭐 치킨을 사실 사람이 없네	audio_2	
아니 게임을 많이 안해봐서 맵도 몰라요	audio_9	
아니 그게 아니라 짬 하나 둘 셋 이게 다 집중하는데 혼자 알랄랄랄 알랄랄랄 이러니까 이게 정신이 아니잖아	audio_7	
아니 그니까 이게 체력이 있는 이유가 그거야	audio_3	
아니 근데 어디까지 쌓을 거야	audio_3	
아니 근데 언니 콩콩이 보다 뭐 재밌어	audio_6	
아니 근데 여자들은 구석이야	audio_2	
아니 근데 왜 이렇게 한숨을 쉬세요	audio_1	
아니 근데 진짜로 미친놈 같아	audio_6	
아니 나 엉클을 해봤지	audio_1	
아니 나 자기야	audio_1	
아니 나와	audio_9	
아니 나와보라고	audio_9	
아니 나와봐	audio_9	
아니 나와봐 봐	audio_3	
아니 나이를 드셨으면은 이제 못하는 것 좀 봐주고 그래야 되는 거지	audio_2	
아니 나한테 한 번에 4개 쏘는 거 에버니	audio_2	
아니 날개를 쯤 부통이야	audio_5	
아니 내 목소리 들려요	audio_5	
아니 너네 붙었잖아	audio_3	
아니 너무 좁아	audio_8	
아니 다 뒤로 가봐	audio_3	
아니 도대체 뭔데 자꾸 하라는 거야	audio_9	
아니 뒤로 갔다니까요	audio_1	
아니 망설이지 말고 출발 구	audio_1	
아니 맨날 나무 심고 켜낸 이유가 있었네	audio_5	
아니 맵이 왜 이렇게 커	audio_7	
아니 무슨 스폰지바이든 다 모였어	audio_9	
아니 무슨 하리보 같은 게임을 하라 해	audio_9	
아니 뭐야	audio_2;audio_8	
아니 뭘 들었는데	audio_6	
아니 미스 이건봐	audio_2	
아니 미친 아 제발 미친 사람들아 끌어댕겨 끌어댕기가 있네	audio_4	
아니 반홍식 뭐야	audio_7	
아니 봐봐	audio_3	
아니 불 안 쬐고 무슨 돈벌레냐	audio_6	
아니 스폰지밭 저 새끼가 뭐라 그랬지	audio_9	
아니 아까 떨어진 걸 여태까지 자책하고 있는 거야	audio_5	
아니 아니 누구야 이거 나이스 뭐야	audio_1	
아니 아니 아니	audio_3	
아니 아니면 그냥 떨어져봐	audio_5	
아니 아무리 제가 여러분들이랑 재밌게 해도 형들이랑 누나 보는 데서 이게 건방지게 해	audio_9	
아니 안 되지	audio_2	
아니 안 아껴도 괜찮은 것 같은데	audio_7	
아니 앞에 눌러야돼 오른쪽으로 그렇지 쭉 용차 용차 앞에 눌러야돼 용차 용 용 야 누구 한명이 안 누르는거 아니야	audio_1	
아니 야 너	audio_4	
아니 야 야 야 화가 나는 건 뭔지 알아	audio_6	
아니 야 우와 그냥 야 이게 줬잖아	audio_3	
아니 야 일단 계단을 야 아니 비켜봐 올라가지마봐 점프 안되잖아 나와 가라고 가라고 아니 여기다가 쌓으라고 여기다가 여기여기여기 아니 너는 왜 안와	audio_3	
아니 얘들아	audio_3	
아니 어디 아니 어디 가	audio_9	
아니 어떻게 나가	audio_9	
아니 어차피 어차피 못해	audio_9	
아니 업어달라고 이 자식아 어 제 친구 잘하는데요	audio_8	
아니 여기 갈 길 없잖아	audio_9	
아니 여기 어떻게 나가 뭐야	audio_9	
아니 여기 어떻게 올라가	audio_9	
아니 여러분들 얘 저격이 많으니까 지금 내 플레이가 안 나오는 거지 솔직히 너무 억울하네	audio_9	
아니 여보 꺼요 챗맨님 챗맨님 아니 이모 이렇게 하는거야	audio_2	
아니 연어야 좀 비켜보라고	audio_2	
아니 영식이 어디 가 kokovsf 룰룰룰 띵겨로룰룰룰룰룰룰룰룰룰룰룰룰룰룰룰룰룰룰룰룰룰룰룰룰룰룰룰루 가만있으께 가만있으께 그렇지	audio_7	
아니 영재가 아직 시작한 지 지금 20분밖에 안 됐어	audio_7	
아니 옆으로 와봐 트램폴링 옆으로 와봐 착지를 니 진짜 자중해 진짜로 자중해 여기서 점프 최소히 할거에요	audio_5	
아니 왜 그래	audio_1	
아니 왜 나한테 자꾸 보내	audio_2	
아니 왜 이렇게 많아	audio_9	
아니 왜 이렇게 앞으로 바짝 붙이냐	audio_3	
아니 왜 이렇게 오케이 오케이 나도 올라가야 돼	audio_9	
아니 왜가냐고 지금 아니고 야	audio_5	
아니 이 새끼 내가 어딜 가든 따돌렸다 생각하면 앞에서 아니 그 스폰지밭 특유의 웃음이 진짜 개짜증나요	audio_9	
아니 이 새끼야 이 새끼	audio_6	
아니 이거 다밟아야되요	audio_1	
아니 이거 못한다고 하니까 못하는거야 다시 얘기해봐	audio_8	
아니 이거 어떻게 하는 거야	audio_2;audio_9	
아니 이거 어떻게 하는 거에요	audio_9	
아니 이거 어떻게 하는거냐고 여깄다	audio_9	
아니 이거 어떻게 해	audio_9	
아니 이거 웃을 일이 아니야 어른들아	audio_9	
아니 이거는 의도가 보이는데 아 진짜 이거 양지영 일부러지 나 아니야	audio_6	
아니 이걸 어떻게 알았냐고 전광판에 숫자가 1개인 과일을 물으면 개수가 1개인 과일을 고르면 된다고 형	audio_9	
아니 이게 어디서 이 어린 놈의 새끼가 얘는	audio_9	
아니 이게 확실히 마이크 키니까 협동이 잘되네	audio_7	
아니 이러면 어떡	audio_1	
아니 이모 아니 몰랐어	audio_2	
아니 이모는 아니죠	audio_2	
아니 이즈 맞아요	audio_1	
아니 잠깐만	audio_1	
아니 제가 오더라니까요	audio_7	
아니 진짜	audio_6	
아니 진짜 나와봐	audio_9	
아니 진짜 아 패츄렉 나와 나와봐 나와봐	audio_9	
아니 진짜 언니 반응	audio_6	
아니 진짜로 아니 너무 이거를	audio_6	
아니 초록아 니가 왼쪽으로 좀 가야지	audio_3	
아니 친하게 지내자 맨	audio_2	
아니 키보드에 손이 안되는데 뒤로 갔다니까요	audio_1	
아니 하나 둘 셋 해서 바로 뛰었지	audio_6	
아니 한마디만 해도 돼요	audio_1	
아니 혜연 내 머리 위에서 뭐하냐고	audio_2	
아니 회색 자리로 들어가	audio_3	
아니네 그냥 그냥 그냥 열심히하자	audio_5	
아니다 그냥 끌고 올라가자 음음음 자 어떤 메커니즘인지 한번 보고 여기서 점프를 해서 탁 멈춘 다음에 저기서 점프를 탁 해서 가면 되겠죠	audio_5	
아니면 고양이 8마리 키우면 이런 느낌	audio_3	
아니면 이게 박스가 돌아갈 때 점프를 뛸까요	audio_5	
아니면 이전 거까지 포함해요	audio_2	
아니아니 계단하자고 계단 이렇게 아니 계단하자고 계단 일로 가야돼	audio_1	
아니아니 들어	audio_1	
아니야	audio_1;audio_10;audio_2;audio_3;audio_5;audio_7;audio_8;audio_9	
아니야 가만있어 가만있어	audio_3	
아니야 가자	audio_7	
아니야 아니야	audio_3	
아니야 아니야 아니야	audio_3	
아니야 아니야 이제 딱 중간 왔다 뭐라고	audio_7	
아니야 아니야 잘할 수 있어 제발 제발 제발 재밌다	audio_7	
아니야 이제 알았어	audio_3	
아니야 죽으면 안 돼	audio_3	
아니야 하나 둘 잠깐만 자 하나 둘 셋 앞으로 가주고 자 하나 둘 점프 살살 뛰어 살살 살살 살살 뛰어 살살 뛰어 올라왔어 올라왔어	audio_5	
아니에요	audio_9	
아니이이이이이이이이 흐하하하하하하하하하하하하하하하하하하하하하하하하하하하하하하하하하하하하하하하하하 아니 이게 진짜 실수로 진짜리 첫번째 번개 다시 해보자 우리 심박하게 우리가 어몽어스 아니에요	audio_1	
아니잖아	audio_10	
아닌가	audio_1;audio_7	
아닌거 같은데	audio_10	
아마 스페이스박 있지 않을까	audio_5	
아멘	audio_7	
아무것도 그러지마	audio_4	
아무것도 들지 마	audio_4	
아무것도 못하지요	audio_9	
아무것도 하지마	audio_4	
아무도 안 보내 나를	audio_8	
아쉽게도 때리기 버튼이 없다는 점 여기 앞에 트램폴린 있다	audio_5	
아아	audio_2;audio_4;audio_9	
아아 나 바본가봐	audio_7	
아아 아 촉수들이 이렇게 올라오는데	audio_10	
아아 초록색 좀 와봐	audio_3	
아아아	audio_7	
아아아 미안합니다	audio_7	
아아아 아 이거 밟고 올라가는 거야	audio_8	
아아아아아	audio_1;audio_2	
아아아아아아	audio_4	
아아아아아아 누구야	audio_6	
아아아아아아악	audio_4	
아아아아악 야아아아악 야 여기 자 뒤에 뒤에 노란색 뒤에 노란색 야 이거 가는거 맞아	audio_5	
아아악	audio_3	
아악	audio_6	
아야	audio_1	
아야 어떻게 하는 거야	audio_9	
아야 초록색아 그래 앞으로 미리 가지 말고 야 다 뒤로 붙어 시작하면 다 뒤로 붙어 장력이 있단 말이야	audio_3	
아야야 에버 죽게 빨리 와	audio_8	
아오	audio_1	
아오 떨어져	audio_7	
아오 키면 가자 천천히 가보자 가보자 카리찬님 죄송합니다	audio_5	
아오니 뒤로 살짝만 어마어마어마 아오니 뒤로 살짝만 엘리스만 남았어	audio_7	
아오니 마이크 키세요	audio_7	
아오니 목소리가 들리는데	audio_5	
아오니 아오니 쪼 이 아오니가 먼저 가야될꺼 같애	audio_7	
아오니 올라오고 약간 손에 땀이 나는데	audio_5	
아오니 올려줘	audio_5	
아오니 축하해 와 축하해 아오니 진짜 축하해 8라운드만에 드디어 한번 먹는구나	audio_2	
아오니님 점프키 W 키예요	audio_2	
아오니님 제가 진짜 성장판 열려있다고 했잖아요	audio_2	
아오니님이 한 번 당겨볼래요	audio_5	
아오니야 제발 와아아아아아아아 아하하하하하하하하 야 꼴찌만 안하면 돼	audio_2	
아오니에 아오니에	audio_7	
아온이 올려줄게요	audio_5	
아온이 와	audio_2	
아온이가 한번 해봅시다	audio_7	
아옹이 님 얼마나 한결같아요	audio_5	
아와 엘 과연 누가 최약체일지 지켜보도록 하겠습니다	audio_2	
아유 죄송합니다	audio_3	
아으	audio_7	
아이 귀찮게 하시네 정말 자 기다려 기다려 기다려 기다리라고 전원이 다 타야 돼요	audio_1	
아이 됐잖아	audio_7	
아이 밟지 마	audio_2	
아이 좋아 네에에에의 아이 좋아 이거 쉽잖아 우리 알지	audio_7	
아이고 내 손주들 한 명 한 명이 소중해 그냥 일로 와 올라와 저 새끼가 문제야	audio_4	
아이씨	audio_9	
아이씨 아 이 새끼 아니 이 새끼 아 좀 꺼져봐	audio_9	
아이씨 오케이	audio_9	
아이씨 잠깐만 지금 나만 제발 죽었으면 좋겠어	audio_9	
아이씨 쟤 왜 짓나 진짜 쟤 진짜 헤어 파이팅 아잇 네모 아 야 이거 콩콩이기면 안 됐어	audio_6	
아이커	audio_9	
아이케	audio_9	
아잇	audio_4	
아잇 터우쥬 잡아 잡아 잡아	audio_8	
아주 좋았어	audio_4	
아직 5초나 남았는데	audio_2	
아직 아니고	audio_7	
아직 안 끝났어요	audio_1	
아직 한 번 떨어졌다	audio_7	
아직 한참 남았는데	audio_4	
아침 10시에 주무셨습니다	audio_5	
아하 알겠어	audio_5	
아하하하하하하 귀여워	audio_2	
아하하하하하하하하 아 잠깐만 아 장난치다가 야 우리팀 살아있지	audio_8	
아휴 쌍	audio_3	
아휴 씨	audio_3	
악마 있어 악마 있어 닮았어요	audio_5	
악마다 양띵이다	audio_6	
악어	audio_8	
안 내려갈 거야 내려가지 말자 엘리스 우리 우리 여기서 싸우자 내려가지 마 나도 나도 치어라 밀지 마봐	audio_2	
안 눌러	audio_2	
안 닿는데	audio_1	
안 돼	audio_2	
안 됐어	audio_3	
안 되겠다	audio_8	
안 보이는 거 어 뭐야	audio_2	
안 보인다 안 보인다 안 보인다 안 보인다	audio_2	
안 빠른가	audio_7	
안 열렸잖아	audio_1	
안 올라가지	audio_2	
안 와서 당황했지만 올라가봐 올라가봐 올라가봐 할 수 있어 보여줘 할 수 있다는 걸 보여줘 할 수 있다는 걸 보여줘 오케이 오케이 기다려 움직이지마 움직이지마 움직이지마 자 하나 둘 오 나이들 잘했어요	audio_7	
안 죽거잖아	audio_2	
안 큰일 났어	audio_8	
안 하면 형 바로 전화 끊고 너 차단한 다음에 형 바로 고소해	audio_9	
안 할게 안 할게	audio_9	
안 해 진짜 안 해	audio_9	
안 했어	audio_9	
안녕하세요	audio_1;audio_10;audio_5;audio_8;audio_9	
안녕하세요 말고 업어주세요 업어주세요 업어줄까	audio_8	
안녕하세요 안녕하세요 자 업기 요청 업기 업어줄 사람 저 좀 업어줄 사람 어 업었다 하하하하하 우와 와 신기해	audio_8	
안녕하세요 입니다	audio_1	
안녕하십니까 AI 혜안입니다	audio_8	
안녕히 계세요 여러분	audio_10	
안돼	audio_10;audio_7;audio_8	
안돼 이거 내 거야	audio_10	
안보인데 안보인데 안보인데 뭐가 안보여	audio_7	
앉는게 뭐에요	audio_7	
알겠나	audio_4	
알겠습니까 3 2 1 고 1 2 3 4 5 6 7 8 아하하하 너무 빨랐어	audio_3	
알겠습니까 빨간색 내 뒤로 줄서 뒤로 가 정확히 날 따라합니다	audio_3	
알겠습니다	audio_10;audio_8	
알겠어	audio_10;audio_3;audio_5;audio_7	
알겠어요	audio_10	
알겠죠	audio_1;audio_5	
알겠지 참아 참아 야 모두 그러는 거 아니다	audio_6	
알아서	audio_5	
알아서 들어주세요	audio_5	
알았다	audio_1	
알았다 말을 못하겠어	audio_8	
알았어	audio_3;audio_4;audio_6	
알았어요	audio_9	
앞에 4명이 여기 4명 위에 올라가 보자	audio_3	
앞에 돌 무더기 해골 무더기가 보입니다	audio_5	
앞에 보고 그렇지	audio_7	
앞으로 가는 게 이득이야	audio_2	
앞으로 땡겨 가 살려 살리라고 그래 땡겨 야	audio_3	
앞으로 붙이지 마	audio_3	
앞으로 살짝만 와주세요	audio_5	
앞으로 살짝씩만 움직여 이게 점프가 이상하게 돼 그렇지	audio_1	
앞으로 이렇게 쭉 가면은 흰색 발판이 보여요	audio_7	
앞으로 쫙 붙어봐봐	audio_3	
앞이 안보여 앞이	audio_5	
애들 살살 밀어볼게요	audio_8	
애들 어디야	audio_10	
애들 하는 거 보자	audio_8	
애들이	audio_3	
애들이 탈거 아니야	audio_3	
앨리즈 우리 연어 좀 감아버릴까	audio_7	
앨리즈가 들어갑니다	audio_7	
야 10번지 맞힐게	audio_9	
야 가만 있어	audio_4	
야 가자	audio_4	
야 강아지 한 8마리 키우면 이렇게 될까	audio_3	
야 강퇴 있다 조심해라	audio_3	
야 거 가시 아에야야야야 야	audio_4	
야 거기 어려운데	audio_4	
야 계란 쌓자	audio_3	
야 그러니까 갑자기 왜 패면 어떡해	audio_2	
야 금본 맵들이 솔직히 재밌는거 같애	audio_8	
야 까불지 말고 있어 자 이번에는 까불지 않고 조용히 아주 조신하게 읽도록 하겠습니다	audio_10	
야 깐다	audio_5	
야 꽉 잡아	audio_8	
야 나 강퇴 권한 있다 지금부터 똑바로 안 하는 새끼들 메모장에 체크하라씩 해가지고 좀 이따가 투표해가지고 강퇴할 거야	audio_3	
야 나 따라와 같이 뒤지자	audio_9	
야 나 무서워	audio_9	
야 나 아무것도 안 움직였어	audio_9	
야 나 안 하고 있는데	audio_9	
야 나 업어줘	audio_8	
야 나 엎어줘	audio_8	
야 나 여기 막 빨리 따돌려	audio_8	
야 나 점프가 안 되거든	audio_3	
야 나 좀 업어줘	audio_8	
야 나 좀 텐션 좀 올려줘라	audio_9	
야 나 진짜 미안한데 배가 너무 아프거든	audio_7	
야 나야 내가 야 이거를 그렇지 뭐 땡겨 그래 이거야	audio_3	
야 나와	audio_9	
야 나와 야 뭐야 뭐야 나와 아 뭐야 씨	audio_9	
야 나와봐	audio_3	
야 내가 간다 내가 간다 내가 간다 내가 간다 내가 간다 내가 간다 내가 간다	audio_2	
야 너 무슨 귀신봉 고양이처럼 그러냐	audio_3	
야 너가 이겨야 돼	audio_8	
야 넌 누구한테 걸 거야	audio_2	
야 노란색 그냥	audio_3	
야 누가 문제냐	audio_4	
야 다시 다시 꼬였잖아	audio_3	
야 대박 저걸로 함부로 왔다 와	audio_4	
야 더 밀어 더 밀어	audio_3	
야 됐	audio_1	
야 뒤에 땡겨야지 뒤에 땡겨 야 뭐야 방금 어떻게 된 거야	audio_4	
야 들어갔다 나오는 게 있어	audio_3	
야 들어봐 이유를 말할게 아무도 서로의 얘기를 듣지 않고 있는 게 문제야	audio_6	
야 떨어지지	audio_4	
야 떨어질 때까지 왔거든	audio_4	
야 또 꺼져 다 부숴	audio_9	
야 똑똑해	audio_1	
야 뛰는 거 없냐	audio_9	
야 메이플 재밌냐	audio_9	
야 미쳤는데 이거	audio_4	
야 버텨	audio_4	
야 비켜 비켜 열쇠를 마지막에 가지고 있는 사람이 이기는 거구나	audio_2	
야 빨간색	audio_3	
야 살려줘	audio_2	
야 셋이 가	audio_4	
야 셋이 가 셋이 가 삼각편데 가자 가자 좀 가자 가자아 다 여기 섰는데 오 맞네요	audio_4	
야 셋이서 하면은 그냥 땡기지 않고 그냥 끌고가도 올라와지네	audio_4	
야 실등이 꼬인다	audio_3	
야 야 야 얘들아	audio_3	
야 얘가 떨어지면 나도 떨어지는거야	audio_8	
야 얘들아 설명 들어봐 저 네모 있지	audio_4	
야 얘들아 준비했다가 빨리 가야 되는 거 같아	audio_3	
야 어떻게 올라가	audio_4	
야 여기 너랑 나밖에 없어	audio_9	
야 여기 있던데 누구야	audio_3	
야 여기도 파쿠로 해주시면 될 것 같습니다	audio_5	
야 연습 더 해	audio_10	
야 오른쪽 왼쪽 오른쪽 가 기다려 기다려 지금 지금 가	audio_9	
야 올라가 올라가 나 끌어댕겨	audio_4	
야 올라와	audio_6	
야 왜 그래 왜 저래	audio_4	
야 요시	audio_1	
야 우리 엘리베이터 타나봐	audio_7	
야 우리 여기 걸렸다잉 야 이거 기둥에 걸렸다잉 이거 이거 되는거냐	audio_4	
야 우리 이렇게 할까	audio_4	
야 우리 이제 체크포인트 쓰지 말고 가보자	audio_7	
야 운전해볼 사람	audio_4	
야 윤효 혼자 꿀 빤다	audio_2	
야 이 새끼야	audio_9	
야 이거 2단계야	audio_1	
야 이거 개꿀이잖아	audio_8	
야 이거 계단 만들어봐 아니 얘들아 여기서부터 계단을 만들어야지	audio_3	
야 이거 나도 올라가야 되나 보다	audio_3	
야 이거 내 유튜브 본거야	audio_9	
야 이거 뭐야	audio_4	
야 이거 아니야	audio_3	
야 이거 안 된다	audio_3	
야 이거 어떻게 하는거야	audio_10	
야 이거 진짜 아니다 저거 밟고 있어야지 길이 생기나봐	audio_7	
야 이거 해킹 나겠어	audio_9	
야 이거를 다이면 안 되는 거네	audio_4	
야 이건 뭐냐 아 저쪽으로 건너가야 되거든	audio_4	
야 이건 뭐냐 야 이거 타자 와 와 와 할아버지 회춘 어 아 개빠르 와우 와우	audio_4	
야 이러면 어떡	audio_1	
야 이쪽으로 같이 와줘 야 이거 한쪽 다 같이 먹어야 돼	audio_1	
야 일단 세봐 오케이 됐다	audio_9	
야 자세해	audio_1	
야 잠깐 이게 한 명을 여기에 떨궈가지고 컨트롤 해야 되네	audio_3	
야 잠깐만	audio_6	
야 잠깐만 잠깐만 스톱 스톱 스톱 야 Dont Stop Okay	audio_4	
야 잡아 잡아 가만있어	audio_5	
야 저 친구 내가 데리고 다녀야겠다 저 까만 고양이 친구 제가 키우는 고양이에요 듀오 모드가 안돼	audio_8	
야 저기로 간다고	audio_8	
야 점프를 잘해야지 하나씩 템포 템포 착착착착 이렇게 점프해야 돼	audio_3	
야 제발 우리	audio_3	
야 조금만 끝이야	audio_9	
야 좀 마시자	audio_4	
야 준비했다가 빨리 가자	audio_3	
야 지금 아온이랑 채원이 몇 점이야	audio_2	
야 진짜 게임하면서 이렇게 힘들어 보는 건 처음이야	audio_4	
야 진짜 아니 어떻게 안 갔어	audio_9	
야 차 타고 가자	audio_4	
야 참아 참아 참아 알겠지	audio_6	
야 첫 번째 깃발에 온 거야	audio_4	
야 초록아 땡겨	audio_4	
야 초록아 일로와	audio_4	
야 크 크 크 이거 오늘 점심 두 그릇 먹은 사람 누구야	audio_1	
야 텐션 올려줘 돌멩이 없냐	audio_9	
야 투표	audio_3	
야 프로처럼 해보자 프로답게 자 어떻게 하면 되겠어	audio_3	
야 할아버지 관절 아프다	audio_4	
야 해봐 해봐 해봐	audio_9	
야 헬기 타고 가자	audio_7	
야 황금	audio_9	
야 회색아 제발 굿 그 됐어	audio_4	
야아	audio_1	
야아 잠깐만 다 먹었어	audio_1	
야아아아아아 아니 왜 뒤로 가	audio_1	
야아아아아아아아	audio_5	
야아아아악	audio_1	
야야 graves 합 app 야아 저거 잘보고 이쪽으로 와	audio_4	
야야 같이 가는거야	audio_8	
야야 그린 너 너무 빨라 지금 야 잠깐만 야 웨잇 웨잇 웨잇 야야 해 해 우리 그레이 속도에 맞추자 회색한테 다 맞춰 속도 오케이	audio_4	
야야 너 업어줘	audio_8	
야야 야 장난질 뭐야	audio_7	
야야 야야 뭐하냐 조심해 조심해 날개를 좀 봐	audio_5	
야야 올라가 먹어	audio_1	
야야 올려 올려 끌어올려 끌어올려 으으으으으으 자 앞으로 출발 갔죠	audio_1	
야야 우리 죽어 우리 죽어	audio_9	
야야야	audio_3;audio_9	
야야야 계속 가세	audio_3	
야야야 야 잠깐만 안돼 잠깐만 야 버텨버텨 내가 꼭 잡고 있을게 어 얘들아 날 믿어 꼭 붙잡고 있을게 어 잠깐만 제발 제발 야 어디까지 가는거냐	audio_4	
야야야 잠깐만 아 왜 그래 꼭 저렇게 까붙는 친구들이 있단 말이야	audio_8	
야야야야 건드리지 말라고 써있잖아 가만히 좀 있어라 가만히 한번에 깨보자 한번 좀 멈춰봐봐 서로 건드리지 말고 조금씩 조금씩 움직여 거리 유지하란 말이야	audio_3	
야야야야야야야야야 잠깐만 그렇게 하면 안 되지	audio_3	
야야야적엌 미쳤냐	audio_4	
야하하하하하 아아아아악 윤누님	audio_1	
약간 그 소닉 같네	audio_10	
양띵이 끌려서 나도 끌렸어 떨어져서	audio_6	
양띵이다 양띵아이 나 톡식한 말투 오늘 많이 없앨게 잘해보자 가자 가자 가자 어	audio_6	
양지영 미친놈아	audio_6	
얘 끊는 거 봐	audio_9	
얘 역시 노력가야 가고 있어요	audio_8	
얘 잡아야겠다 얘 내가 잡을게 내가 내가 크랙할게 내가 크랙 내가 크랙할게 크랙 그렇지	audio_8	
얘가	audio_9	
얘네 따라가면 돼요	audio_10	
얘는 왜 이러는거야 점프해 그냥 우리가 앞으로 갔다 대줄테니까 그래 가 버튼 눌러 빨강아 알겠어	audio_3	
얘들 따라가야지 어디야	audio_8	
얘들아	audio_2;audio_3;audio_5;audio_7;audio_8;audio_9	
얘들아 가자 가자 가자	audio_3	
얘들아 그렇지 서로의	audio_1	
얘들아 꺼 뺏어야 돼	audio_2	
얘들아 끼었어	audio_5	
얘들아 뒤로 와 뒤로 뒤로 그치 좋아	audio_1	
얘들아 미안하다 점프해 점프해 아이 할 수 있지	audio_6	
얘들아 살아나야돼 할수있어 할수있어 두번째 마지막 기회야 할수있어 할수있어 할수있어	audio_4	
얘들아 수 있냐 워터 플리즈 물 먹고 와 물 먹고 와 물 먹고 와 나만 믿어 오케이 나 운전 고수야	audio_4	
얘들아 어렵다	audio_5	
얘들아 우유 좀 먹어	audio_2	
얘들아 워터 먹고 왔어	audio_4	
얘들아 윤효 견제	audio_2	
얘들아 이거	audio_6	
얘들아 이들	audio_9	
얘들아 진짜 너네 왜 그래	audio_4	
얘들아 처음 치곤 잘했어 다시 해보자 안에 애들 꺼내고 나가자 각자의 위치로 각자의 위치로 가지고 노란색 너 어디가 너의 위치를 찾아 정신 차려 노란색 거기 왜 여기 뭐 노란색 열쇠 먹으려고	audio_3	
얘들아 체크 포인트 없어 헬기 매달려 나t간다	audio_7	
얘들아 친구들아	audio_10	
얘들아 한 번 더 점프	audio_4	
어 2개다 하나씩 하나씩 나는거 같애	audio_10	
어 가가가 줄여 밟고 올라가세요	audio_1	
어 괜찮아	audio_5	
어 귤 귤채 체리 밀어버리기 밀어버리기 아까비 이거 또 외워야 돼	audio_8	
어 그냥	audio_3	
어 그러네	audio_5	
어 그럼	audio_5	
어 그렇지	audio_4;audio_5	
어 그렇지 걔가 가 너가 가 너가 가 아 내가 갈게 비켜 비켜 가만히 있어 그렇지 그렇지 그렇지 빨리 들어와	audio_1	
어 그렇지 그래 이런 것만 하면 되잖아	audio_6	
어 나이스 애들이 너무 인색하다 한국인들이 아니네	audio_8	
어 내 친구 들어갔어	audio_8	
어 내 친구 반가워	audio_8	
어 다시 해봐 다시 하면 돼 다시 해봐가 뭐 그냥 치트키야	audio_3	
어 됐다	audio_7	
어 됐다 자 올라왔네요	audio_5	
어 됐어	audio_3;audio_4	
어 되겠는데	audio_7	
어 되겠다	audio_7	
어 뒤에 헬창 있어 일단 여기서 찾아볼까	audio_10	
어 들어왔다	audio_5	
어 또 연결된 거다	audio_3	
어 뛰어야지	audio_5	
어 맞네	audio_10	
어 맞어	audio_7	
어 문 열었다	audio_4	
어 뭐야	audio_10;audio_2;audio_5;audio_9	
어 뭐야 갑자기 어 제가	audio_10	
어 뭐야 이거 야야야 우리 줄에 연결되니까 실득이다	audio_3	
어 미안 셋 둘 오케이 자 여기서 조심 넘어가지마 넘어가지마 사슬 조심 사슬 조심 자 여기까지만 가도 괜찮아	audio_7	
어 밀어 밀어 밀어	audio_3	
어 버텨버텨 버텨버텨 왜 체크 포인트 진짜 안해	audio_7	
어 뽈롱 뽈롱 저기 뽈롱 맞는거 같지 일단 여기 올라가자 다같이 어 죄송합니다	audio_5	
어 서는것도 맞네 잠깐만 잠깐만 에노님 쪽으로 내가 가볼게	audio_5	
어 손대모사 해드릴까요 웃겨보세요 채용만 손대모사 보여드릴까요	audio_9	
어 쉬프트 하지 말고 어	audio_5	
어 스펀지밥 없다	audio_9	
어 스폰지버프 여기 온다	audio_9	
어 승리	audio_10	
어 아까처럼 하면 되겠다	audio_1	
어 아니네 오케이 헬클리프	audio_5	
어 안녕 얘들아 다음역은 홍대 입구역이니까 흐흐흐흐흐흐흐흐흐흐흐흐 도장 오오오오 어 우와 뭐라는겨	audio_7	
어 야	audio_4;audio_9	
어 야 그거 너무	audio_2	
어 얘 누구야	audio_10	
어 어 야 가	audio_4	
어 어 어 쭉 가면 돼 쭉 가면 돼	audio_7	
어 어떻게 되나 보자 그 다음에 이걸 눌러야 되네	audio_3	
어 업었다	audio_8	
어 에에 레쓰 엘레스키 1단계 어 됐다 아아아아 내머리 밟지 마셈 먼저 가 먼저 가 다같이 가자 다같이 가자	audio_1	
어 엑스 됐다	audio_10	
어 여 여 맞아 여 맞아 여 맞아 여기서 이렇게 가야돼 이렇게 어어 조심조심조심 올라올 수 있어 올라올 수 있어	audio_7	
어 여기 가 여기 가 너 여기 가 됐어	audio_3	
어 여기 어디야	audio_4	
어 여기로 가 여기로 가	audio_3	
어 여기서 먹자 이거	audio_10	
어 여기서 여기서 직진하면 되나봐요	audio_7	
어 여기있어	audio_6	
어 오른쪽으로 가야지 오른쪽이 십자가로 뛰어야 돼	audio_5	
어 오케이 내려가자 내려가자 오케이 여기 내려 가볼까 한명만	audio_7	
어 오케이 알았어	audio_4	
어 올려주면 돼 올려주면 돼	audio_7	
어 우리 고양이 저기있다	audio_8	
어 우리 팀	audio_8	
어 으어우에에에에	audio_7	
어 이거 이거 나랑 어이구 유후유후 웰줄이었어	audio_7	
어 이거 채팅도 칠 수 있다	audio_5	
어 이건 뭐야	audio_1	
어 잘하고 있어 채원이	audio_2	
어 잘했다 자 4번 할 수 있지 할 수 있지 할 수 있어	audio_3	
어 잠깐만	audio_2	
어 잠깐만 저부터 먼저 갈게요	audio_5	
어 재밌겠다	audio_8	
어 저 새끼 잡아야돼	audio_9	
어 저기까지	audio_8	
어 진짜	audio_8	
어 진짜 떨어지면 끝내자	audio_5	
어 진짜 아 이 악어 진짜 너무하다 이거 꼬시다 이 자식아 아 진짜 하지 말라고 니네 니네 하지 말라고 진짜 오 나이스 좋아	audio_8	
어 천천히 한 줄로 천천히 빨리 안 가도 돼요	audio_5	
어 해봐	audio_3	
어디 가는 거야 이거	audio_9	
어디 몇 시 몇 시	audio_9	
어디까지 가나요	audio_5	
어디로 가	audio_6;audio_9	
어디로 가나요	audio_10	
어디로 가는 거야	audio_9	
어디로 가는거야	audio_10	
어디로 가야 돼	audio_9	
어디야	audio_7;audio_8	
어디죠	audio_10	
어때	audio_8	
어떡하지	audio_7	
어떤 결과가 생길지 위에도 버튼이 있고 저기에 버튼이 아 내가 봤을 때 4명 다 같이 누르는 거네	audio_5	
어떻게 가는 거야 근데	audio_10	
어떻게 다 눌러 봐봐	audio_3	
어떻게 돼	audio_5	
어떻게 되나 보자	audio_3	
어떻게 된 거야	audio_3	
어떻게 들어왔지	audio_2	
어떻게 뛰길래 뭐야	audio_2	
어떻게 올라가	audio_9	
어떻게 왜 어떻게 왜 왜 왜 이거 왜 그래	audio_9	
어떻게 하는 거야	audio_9	
어떻게 하는 거지	audio_10	
어떻게 하는 건지 알려줘 봐 너희들	audio_9	
어떻게 하는거야	audio_10	
어떻게 하는건데 이거 저기 가면 돼	audio_9	
어떻게 한 거야	audio_4	
어렵지 않아 이거 밟으면 뭐가 나오겠다	audio_5	
어몽어스가 제일 쉬웠던 것 같습니다	audio_1	
어어	audio_5	
어어 되겠는데	audio_7	
어어 잠깐만 어어어어어어어어어어어어어 기다리고 있어 안돼요	audio_7	
어어어	audio_5	
어어어 아 나 따라한 거야	audio_7	
어어어 어어어 조심 조심 조심 아 이소리였구나 좀 길다	audio_7	
어어어 우리 머리 자성이야	audio_7	
어어어어오	audio_7	
어우 뛸 뻔했어요	audio_7	
어우 잘했어요	audio_3	
어이 제발 제발 제발 extend 야 땡겨	audio_4	
어이겄네	audio_7	
어이구	audio_3	
어이구 그거를 또 밟으면서 그거를 못 피해가지고 그거를 어	audio_3	
어쩌겠어	audio_8	
어쩌라고 이거 뭐 어쩌냐	audio_4	
어쩔 수가 없죠	audio_2	
어차피 못해	audio_9	
어험어험	audio_7	
어휴	audio_3	
어휴씨 맨 위 맨 위 맨 위 내꺼임 맨 위 내꺼임	audio_1	
언니 근데 더 짜증나는 건 뭔지 알아	audio_6	
언니 꿀팜이야	audio_6	
언니한테 참아 참아 오케이 말 들을게	audio_6	
얼마나 이기고 싶은거야	audio_2	
엄마	audio_2	
엄마 나 똥이래 유니온 진짜 짱잘해	audio_2	
엄마 엄마	audio_2	
엄마 치킨 먹고 싶어요	audio_2	
엄청 많다	audio_2	
업어줄게	audio_8	
업어줄게 아 역시 고양이가 튕기는거 보세요	audio_8	
업어줘	audio_8	
없네요	audio_10	
없으니까 닥치라고요	audio_8	
없을 때	audio_9	
에 가만있게 가만있게	audio_5	
에에	audio_5	
에이	audio_10;audio_2	
에이 2만 개는 가야지	audio_7	
에이 꼬시다	audio_8	
에이 맨날 뒤져보고 맨날 얘기하죠	audio_2	
에이 이거는 그거 같아요	audio_7	
에이 이러면은 그래 할만하지	audio_7	
에이맨 엉덩이 신 에이맨 이거 갈게 올라오는거 하나 둘 서이 반대편거 봐 하나 둘 서이 올라오는거 가자 올라오는거 하나 둘 서이 왔어	audio_5	
에잇	audio_9	
에피타이저 넣어드렸어요	audio_10	
엘리스 잡았어	audio_5	
엘리스꺼 뺏어야 돼	audio_2	
엘리스다	audio_2	
엘리스만 남았어	audio_7	
여기	audio_10;audio_4;audio_9	
여기 가야돼	audio_5	
여기 걸렸다	audio_4	
여기 그렇지 여기 오케이 천천히 천천히 툭 툭 스펀지 봐봐	audio_9	
여기 나와	audio_5	
여기 내가 다 부숴내야겠다	audio_9	
여기 떨어져	audio_9	
여기 말고 다른 데로 가자 여기가 너무 어렵다 나와봐 나와봐 아아아아아 아잇 잠깐만 아아아아아아아아아 나와봐	audio_9	
여기 맞단 말이야	audio_10	
여기 맞자	audio_10	
여기 매달리는 건가 보다	audio_6	
여기 못올라가	audio_9	
여기 뭐 띠용 하는 것 같죠	audio_5	
여기 뭐야	audio_5	
여기 서는거 맞아	audio_5	
여기 아닌 거 같아 길이 그지	audio_5	
여기 앞에서 그렇지 여기서 그렇지 우리 두 명 다 떨어졌네 뭐야	audio_8	
여기 어디야	audio_4;audio_6	
여기 어떻게 올라가	audio_9	
여기 여기	audio_9	
여기 여기 여기	audio_6;audio_9	
여기 올라가야 되나봐	audio_6	
여기 왜 그렸어	audio_3	
여기 위로 올라가야 돼요	audio_7	
여기 있어야 돼	audio_9	
여기 잡아야 돼	audio_9	
여기 타야 돼	audio_9	
여기 하나 둘 아아아아아아아아아아 하나 둘 아 거기로 아 거기가	audio_7	
여기 헤맸니	audio_10	
여기가 되지	audio_7	
여기가 어디야	audio_6	
여기까지 가봐 여기까지 가봐	audio_3	
여기까지 더 재밌는 거는 영상으로 확인하세요	audio_7	
여기까지 아니 이모 무릎 다쳐요	audio_2	
여기까지만 괜찮아 자 간다 시프트 점프야 하나 둘 서 멈춰 왔어	audio_7	
여기네	audio_8	
여기는 아 나이스 얘들아아 아이디어 좋아 칭찬해 나그네에에에에ump 나훈이 칭찬해 그레이는 나훈이 그럼 우리 마이크 키자 안되겠다	audio_5	
여기다	audio_9	
여기도 먹어	audio_1	
여기로 가면 되네	audio_7	
여기로 가야된다	audio_9	
여기로 계단 난간으로 하나 둘 서이 난간 서 난간 서 정수리로 딱 붙어 딱 붙어 나이스	audio_7	
여기로 들어가	audio_6	
여기서	audio_3;audio_7	
여기서 1등 못하면 콜가이즈 접도록 하겠습니다	audio_10	
여기서 가야지	audio_4	
여기서 가져와 계단 만들기 정도는 우리가 이 정도는 할 수 있잖아	audio_3	
여기서 갔다가 여기가 되	audio_7	
여기서 그러면 한 칸씩 움직여야겠죠	audio_1	
여기서 기다렸다가 침착하게 기다렸다가 여기 가면 돼	audio_4	
여기서 다이빙 타는 겁니다	audio_8	
여기서 떨어져 지붕이로 떨어졌다	audio_5	
여기서 떨어져라	audio_9	
여기서 뛰고 저 앞에 있는 거 뛰고 두 번만 점프하면 돼	audio_7	
여기서 시작했다 시작하면 아 이거 막 집어떼로야 왼쪽 왼쪽 오른쪽 오른쪽 야 이거 완전 랜덤인데	audio_4	
여기서 어디로 갈 거야	audio_4	
여기서 이제 직진이야 이제 직진 여기서 어디지	audio_7	
여기서 점프 점프 점프 점프하면은 빨라집니다	audio_8	
여기서 점프면 되잖아요	audio_3	
여기서 쭉 직진해서 여깁니다 확실히 알았어	audio_10	
여기서 타야지	audio_4	
여기서 하나 둘 하면 점프 오케이 네 앞으로 가고 하나 둘 점프 빠른가요	audio_7	
여기야	audio_10;audio_8;audio_9	
여기여기여기여기 웃음이 나네	audio_7	
여기여기여기여기여기여기	audio_4	
여기요	audio_10	
여기지 새끼야	audio_9	
여긴 으으으으으으으으으으으으으으으아 아니 뭐해	audio_7	
여긴 조심해야돼	audio_7	
여러분	audio_10	
여러분 괜찮으세요	audio_7	
여러분 그냥 제 말 들으세요	audio_1	
여러분 마크 근데 인기 많지 않아	audio_9	
여러분 어떠셨어요	audio_5	
여러분 에피타이저에요 아예 보세요	audio_10	
여러분 이모 컷	audio_2	
여러분들	audio_2;audio_5;audio_9	
여러분들 보시기 전에 좋아요	audio_2	
여러분들 어떠셨어요	audio_1	
여러분들 진짜 개 잘합니다	audio_7	
여러분들 출발 자 신맵이기 때문에 살짝 조심스럽게 쇼옹 가볼게요	audio_8	
여러분들 친구 따라 결승선 간다	audio_10	
여러분들 화내는 연기 답답한 연기 못하는 연기 하는 거라 하	audio_5	
여러분들아	audio_9	
여러분들아 하아	audio_7	
여러분들이 좀 이따 투표할 거예요	audio_3	
여름에 딱 맞는 그거네 타이어 봐라 바로가	audio_7	
여보세요	audio_9	
여보세요 여보세요 웃겨 네 내가 지금 병원에다 전화했나요	audio_9	
여보세요 여보세요 웃겨 네 여보세요	audio_9	
여자	audio_9	
여자 몇 살	audio_9	
여자야	audio_9	
역시 고양이랑 튕기는건가 그러면 고양이 잡아버리기 혹시 고양이 너 죽었니	audio_8	
연결이 되지 않아	audio_9	
연습게임 시작 1라운드 가장 높이 뛰는 사람이 승리 챗맨님 아니야	audio_2	
연어 나이스 연어 점심 맛있게 먹는 사람 누구야 개 무거웠다	audio_5	
연어 한 번 감을 타임이 되긴 있어	audio_7	
열쇠 배틀	audio_2	
열쇠 주세요	audio_1	
열쇠를 가지고 있으면 되는 거 같습니다	audio_2	
열심히 하는 우리 닭대가리 한 번 볼까요	audio_10	
열어	audio_1	
열어 열어라 참깨 들어가 잠깐만 우리 갇혔다	audio_1	
열었어	audio_1	
열이 열이 나가지고 잠깐만 죄송합니다 와	audio_5	
영식이도 실수할 수 있어	audio_5	
영식이랑 있으면 다행이다	audio_7	
옆사람끼리 친하게 지내자	audio_2	
옆에 새끼로 그렇지	audio_3	
옆이야	audio_2	
예 감사합니다	audio_7	
예 들어오세요	audio_1	
예 비켜주셔야죠	audio_1	
예 스쿼드로 한번 살아나가보겠습니다	audio_8	
예 오케이 할 수 있다	audio_5	
예 잘합니다	audio_7	
예 좋아요	audio_1	
예배다 오	audio_7	
예에에	audio_5	
예예예예 그작래 이거거든	audio_7	
옛날에 주황색 생각나네	audio_3	
오 고맙습니다	audio_5	
오 그래 게임이 융통성이 있어 어렵지 않네	audio_5	
오 네 개를 또 붙여야 돼	audio_7	
오 됐다	audio_4	
오 마이 굿니스 내 플랜이예요	audio_10	
오 마지막 라운드 크라켄 슬랜	audio_10	
오 묶였다	audio_6	
오 뭐야	audio_2;audio_7	
오 뭔데	audio_5	
오 시원해	audio_5	
오 신맵이다 길찾기 버즐 올바른 출구로 향하는 선을 따라가세요	audio_10	
오 아니 단설미가 좋잖아 바닥까지 볼 줄 아는 남자 야	audio_7	
오 야아 자 오케이 알아냈죠	audio_1	
오 야야야 집착해 좀 자중해 옆으로 떨어져 옆으로 가지마 옆으로 가지마 옆으로 오지마 옆으로 와	audio_5	
오 엘리스 까불어	audio_5	
오 엘리스 뭐야	audio_5	
오 오 여기까지	audio_8	
오 오 오 뭐야	audio_7	
오 오 오케이 촉수를 피하고 물에 빠지지 마세요	audio_10	
오 올라간다	audio_6	
오 이거 뭐야 날아가는 거 보다 해보자 그냥 날아가보자 하나 둘 요오 ejemplo 아니 이게 제일 재밌었다	audio_7	
오 이거 잠수할 수 있다	audio_5	
오 이건 뭐야	audio_7	
오 이리 오너라 드디어 실외에서 실내로 들어왔습니다	audio_5	
오 잘한다	audio_8	
오 잡혀있네	audio_5	
오 좋아	audio_8	
오 진짜	audio_7	
오늘 이렇게 반년 만에 돌아온 폴가이즈 군왕 어떠셨나요	audio_8	
오늘 잤는데	audio_5	
오늘 좋아요	audio_7	
오늘 해볼것은요 맞습니다	audio_1	
오늘은	audio_5	
오늘은 금조기 모드 빼고 그냥 진짜 협동적으로	audio_6	
오늘은 여기까지 가지만 만약 이게 반응이 좋다면 우리 친구들과 함께 4000m5000m6000m까지 가보도록 하겠습니다	audio_7	
오늘은 여기까지 한다	audio_4	
오늘은 체인드 투게더라는 게임을 할 겁니다	audio_4	
오늘의 물건은요	audio_10	
오늘의 볼게임은 6개월 만에 돌아왔습니다	audio_8	
오드가 여러개가 있네	audio_2	
오로라같은게 있어	audio_7	
오른쪽 벽 위로 올라가자 위로 아 막혀있어 어디고 이거 어 막 따는길이고 이거 왼쪽에 방금 그 높이 길 하나 있었는데 여기서 내가 여기라고 말했잖아	audio_7	
오른쪽 오른쪽으로 내려가서 좀 내려가 봅시다 몇 명 남으면 되는지 이거 뭐야	audio_1	
오른쪽으로 가면 버튼만 누르면 되는데 그걸로 가지를 못해서 Wallace apostle 고민해 안 맞아	audio_1	
오른쪽으로 가세요	audio_10	
오른쪽으로 간다 이번엔 시원하게	audio_4	
오른쪽으로 그래 그럼 그냥 가자 유후 오케이 어 안녕하세요	audio_7	
오른쪽으로 내려가면 되지	audio_1	
오른쪽으로 떨어질까	audio_7	
오예에	audio_1	
오오오 눌렀어	audio_7	
오오오 오케오케 오케이 괜찮아	audio_5	
오오오 오케이 운전대 누구야	audio_5	
오오오오오오오오 좋은 아이디어 X 2 해보고	audio_5	
오오오오오오오오오오오오오오오오 이거 올라가는게 제일 쉽네 가까이 왔을 때 위에 위로 점프하는 식으로 매달리는거 말고 오케이 계속 임기응변 해볼게요	audio_5	
오오오오오오오오오오오오오오오오오오오오오오오오오오오오오오오오오오오오오오오오오오오오오오오오오오오오오오오오오오 저 뭐라는지 모르겠어요	audio_7	
오오우 완두쿵시 정말 끈질기군요	audio_10	
오우 갓뎀 아 알았다 잠깐만 제한시간안에 계단올라가야되는거다 사라지면 다시갈게	audio_5	
오우 쉣 오우 쉣 오우 야 큰일났다	audio_4	
오우 죽을 뻔했다	audio_10	
오징어게임에서 유리발판 저저저 제가 오던데요	audio_7	
오케	audio_4	
오케에이 다음 챕터 매달리는거네 와 보이시죠	audio_5	
오케에이 오케에이 여기서 점수 와우 아 계속 계속하는 거구나 오케이 점수 그렇지 점수 마지막 황금 승리 마지막으로 황금으로 황금만 가는게 이득인것 같은데	audio_10	
오케오케오케오케 오케	audio_9	
오케이	audio_1;audio_10;audio_2;audio_3;audio_4;audio_5;audio_7;audio_8;audio_9	
오케이 3탄 가자	audio_3	
오케이 고고	audio_4	
오케이 나 모르겠는데 어떻게 하는거야	audio_10	
오케이 나야	audio_2	
오케이 내가 답답했구만	audio_1	
오케이 노란색 들어가	audio_3	
오케이 누구야	audio_10	
오케이 둘 둘 파쿠르	audio_7	
오케이 둘이 밀지 두 명 딱 맞지	audio_1	
오케이 레디 파이팅	audio_2	
오케이 렛츠 고	audio_4	
오케이 뭐	audio_4	
오케이 바닥에 선 보고 일로 가서 일로 가서 일로 가서 일로 가서 어 여기야	audio_10	
오케이 세번은 창이야	audio_6	
오케이 솔직하게 말씀드리면 이 맵은 노잼이다	audio_10	
오케이 쉴 타임 한 번 가질게 오케이 어 있다 있다	audio_7	
오케이 아 제발 붕쇠 아 제발 아 나 어떻게 해 붕쇠 붕쇠 뭐야	audio_2	
오케이 아 진짜 악어 너 진짜 할래	audio_8	
오케이 아래 쳐다보지 마세요	audio_5	
오케이 알겠습니다	audio_1	
오케이 알겠죠	audio_1	
오케이 알았어	audio_3	
오케이 얘들아	audio_3	
오케이 어	audio_5	
오케이 엘리스 잘했어요	audio_5	
오케이 여기 있어야 돼	audio_9	
오케이 여기서 일단 대기 대기 대기하다가 딱 수직으로 맞춰줘 화면을 맞춰주고 지금 굿굿굿 이제 없다 오케이 굿이브닝이에요	audio_5	
오케이 옆으로 옮겨주자 띄용 와	audio_7	
오케이 오 올라간다 올라간다 올라간다	audio_7	
오케이 오케이	audio_1;audio_8	
오케이 오케이 아오니부터 올라가보세요	audio_5	
오케이 오케이 오케이	audio_7	
오케이 오케이 오케이 자 여기 메커니즈만 보자구 여기서 점프 금방 길게 온다 여기 내려야겠다 점프 똑같아	audio_7	
오케이 오케이 오케이 이거 뭔가 매달리면 올라가야되는건가봐	audio_5	
오케이 오케이 오케이 왜 이렇게 힘드냐 오케이	audio_4	
오케이 오케이 오케이 화장 타임 고고 나 생각하고 있을게 띵크 띵크 타임 야 진짜 어렵다 오케이 나 알았어	audio_4	
오케이 오케이 이런 거 어려운데	audio_9	
오케이 오케이 잡으면 돼 침착해 침착해 잡아 삐빙삐빙 도는 거 아니야	audio_5	
오케이 와아 와우 와우 와우 와 이거 재미있다 잠깐만 야 야 야 워터파크 온거 같아요	audio_10	
오케이 이거 누가 다 만들었을까 이 건물을 개발자님이 만들었겠지 우측 통행 어 여기 또 버튼이 있거든요	audio_5	
오케이 이대로 이대로 이대로 이거 땡겨 땡기면서 땡기면서 땡기면서 그렇지 땡기면서 그렇지 땡기면서 이제 넌 일로 와야지 회색 너 내려가면 안 돼 회색 살려봐봐	audio_3	
오케이 이제 나오고 먼저 나오고 아 거 제발 아 빨간 제발 아 어 내 심장 오케이 고고고고 좋아	audio_3	
오케이 이제 내려놓으시면 알아서 땡겨오면 됩니다	audio_3	
오케이 이제 알겠다	audio_9	
오케이 자 누구시죠	audio_1	
오케이 자 다시 갈게요	audio_5	
오케이 자 어 그니까 눈치 싸움 플러스 계산도 해야 돼	audio_10	
오케이 자 올라가 올라가서 여기 가져와요	audio_3	
오케이 자 칭찬이야 가자 오케이 오케이 칭찬 자 기다려 딱 겹쳐 콩콩이까지 맞춰요 콩콩이 이거 얘가 딱 빠르게 한 다음에 갈 거야	audio_6	
오케이 잘했어	audio_3	
오케이 저 할아버지로 가겠습니다	audio_4	
오케이 좋았다	audio_4	
오케이 주웠다	audio_5	
오케이 진짜 좀 해보자 나 좀 너 재밌는 거 좀 해보자 진짜 나이스 나이스 지금	audio_9	
오케이 팀워크 보여주자	audio_4	
오케이 화이팅	audio_8	
오케이 화장실 갔다옵나	audio_4	
오히려 혼자 가는 것보다 훨씬 협력하면 협력 야 끌어댕겨	audio_4	
올라가	audio_1;audio_7	
올라가고 해서 이제 다 끌고 올라가주면 돼요	audio_1	
올라가시고 그 다음 대가리로 우리 올라가시고 자 올라가시고 윤휴 대가리 위에 자 올라갔죠	audio_1	
올라가시고 자 그 다음 올라오고 갑니다	audio_1	
올라가야 돼	audio_7	
올라가져 왼쪽 위에 보시면 430m라고 하면서 정상까지는 아직 반도 안 온 오케이 오케이 화이팅 절로 가야되나 보다 교회 말고 절로 가 여기는 이제 오 수영장이야	audio_5	
올라갈라 Popular Buckle 그렇지 그렇지 영차 영차 영차 섹시 하이킹 계속 올라가는 거야	audio_5	
올라갑니다	audio_7	
올라오라고	audio_5	
올라오세요	audio_1	
올라와	audio_4;audio_6	
올려 놓고 하겠습니다 풀기 보는데 인사 한번 해봐 마이크 냄새 맡아봐봐 봐봐	audio_10	
올려줄래	audio_5	
올해 생일선물은	audio_2	
와 나왔다	audio_7	
와 나이스 무임승차 개이득 야 이거 라면 먹고 와도 되겠는데	audio_8	
와 남현호 깸짜라리야 역시	audio_7	
와 내 친구 잘한다 업어줘	audio_8	
와 노랑이 덕분에 손에 땀났다 와	audio_3	
와 대박이다	audio_4	
와 믓 shutter 잠깐만 잠깐만 잠깐만 누구야	audio_7	
와 미쳤다 귀추가 주목됩니다	audio_2	
와 미쳤다 잠시만 여기서 어디로 가야돼	audio_7	
와 민섭바	audio_7	
와 분명히 이런 고기였구나 맵 좀 구경하고 가	audio_7	
와 쉽지 않을 것으로 예상되지만 밟고 바로 건너면 사다리 넘어가야 돼요	audio_5	
와 스폰지밥 붙었네	audio_9	
와 악어 저 싸가 좀 줘	audio_8	
와 야 이거 어떻게 야 이거 한 번에 할 수 있겠냐	audio_4	
와 얘 훅 들어온다	audio_2	
와 오케이	audio_8	
와 웨어스 나이스 이쪽인거 바닥에 적혀있네요	audio_7	
와 이 새끼 또 살았네	audio_9	
와 이제 안 떨어지나	audio_5	
와 잘한다	audio_8	
와 쟤 봐	audio_8	
와 죽었다 막감하나	audio_5	
와 폼 미쳤다 와	audio_7	
와보세요 와보세요 와보세요	audio_2	
와봐	audio_8	
와서 방금 뭐야 방금 뭐였냐	audio_4	
와아	audio_2	
와아 나이스	audio_5	
와아아아 감사합니다	audio_7	
와아아아 와아아아 오오 텔레보드 와아아아 한순간에 서울로 왔어요	audio_7	
와아아아아	audio_3	
와아아아아아아아아아 생각외로 빨리 왔다 엄청 빨리 왔어	audio_5	
와와와와 어	audio_2	
와우	audio_4;audio_6	
완두콩 슈화 1대1입니다	audio_10	
완두콩이랑 1대로 남을 것 같다	audio_10	
왔다 잠깐만	audio_9	
왔어	audio_5;audio_7	
왔어 올려줄게 아웃님 뒤에보고 2당겨 2 그렇지 잘했어요	audio_5	
왕칭 cocil House hotel 우와 우와 와 와아 와 최초발 진짜 간만이야	audio_7	
왜 그래	audio_9	
왜 그래 제발 땡겨 땡겨 자 땡기고 있어 올라와	audio_4	
왜 그렇게 생각하세요	audio_4	
왜 꼭 제가 더 잘할 거라고 생각하세요	audio_4	
왜 나만 계속 범인 만들려 그래	audio_6	
왜 나만 계속 범인 만들려 그래 아까	audio_6	
왜 나한테만 저래	audio_6	
왜 내 방송에서만 저래	audio_6	
왜 다 솔로야	audio_8	
왜 뒤로 가노	audio_1	
왜 떨어져야 되나	audio_7	
왜 떨어지는 거야	audio_7	
왜 빨리빨리 안 가냐	audio_3	
왜 아니야	audio_9	
왜 안 돼	audio_9	
왜 안 죽었어	audio_3	
왜 이래요	audio_2	
왜 이렇게 변신하지 않냐고 자꾸	audio_2	
왜 이렇게 애기들이 많이 봐	audio_9	
왜 이렇게 잘해 하나 둘 파쿠르	audio_7	
왜 점프가 막 돼	audio_9	
왜 좀 말 좀 아끼고 갈까	audio_7	
왜 피해	audio_10	
왜그래 조용히 있자 조심히 있자	audio_10	
왜냐	audio_7	
왜왜왜 뭐하는거야	audio_5	
왜요	audio_5	
왜죠	audio_5	
외웠어 내려와 내려와 내려와 아아 쭉쭉쭉쭉쭉 여기서 붙여야 돼	audio_7	
왼쪽 두 명 흰색 주황색부터 할게 주황색 내려가	audio_1	
왼쪽 왼쪽 같이 가	audio_9	
왼쪽 왼쪽부터 왼쪽부터 왼쪽부터 왼쪽으로 다 일단은 왼쪽으로 왼쪽으로 가서 위에 있는거는 누가 밟아줘야돼 왼쪽 위에 도와줘 저거 도와줘	audio_1	
왼쪽 위 왼쪽 아래 오른쪽 위 오른쪽 아 바로 시작이네	audio_1	
왼쪽 위에 보니까 한참 남았네	audio_4	
왼쪽 위에 보시면 지금 우리가 몇 분 만에 깰지 나와있어요	audio_5	
왼쪽으로 쭉 밀어 계속 밀어	audio_1	
요거 이렇게 해가지고 헐 어	audio_5	
요런 느낌이구나	audio_5	
요시	audio_1	
요시 다 올라가면 안돼요	audio_1	
요시 열쇠 열쇠 열쇠 자 여기 내려가면 되지	audio_1	
요시죠	audio_1	
요오쓰 피크닷	audio_1	
욕설	audio_6	
욕설 욕설하실 때마다 저 1분씩 가만히 있을 거예요	audio_6	
욕심 안 낼게	audio_7	
용차 용차 아니 꾹 누르고 있어야돼 꾹 이거 누가 지금 깔닥깔닥거리는데 이거 누구야	audio_1	
용통성이 있어	audio_7	
우리	audio_3;audio_5	
우리 1등이야	audio_8	
우리 가가가가가가가가가가가가가가가가 야 이거 그거네 일렬로 만들어야 되겠다	audio_3	
우리 가는거 맞죠	audio_5	
우리 겪었잖아	audio_3	
우리 고기에서 탈출한 거야	audio_7	
우리 구독자님들이 이거 너무 노잼이래 지금 안 되겠다	audio_7	
우리 그러니까 맨 위에 올라간 사람은 점프를 한 다음에 그거 맞춰야 돼요	audio_1	
우리 넷이 이 게임을 깨는 것보다 양띵이 멘탈을 터뜨려서 방종을 빨리 끄게 만드는 게 더 빠른 아니 잠깐만	audio_6	
우리 다 같이 가보자	audio_5	
우리 둘이 대결이네	audio_9	
우리 따라가면 되고 자	audio_1	
우리 마이크 다 끄고 하는 게 어때요	audio_1	
우리 머리는 쇠 대가리 쇠 대가리 오	audio_7	
우리 멈출까	audio_5	
우리 쎈미니 한번 맞춰줍시다	audio_1	
우리 아까 전에 그거	audio_5	
우리 약간 인간지네 같지 않아	audio_5	
우리 어차피 갈거야	audio_7	
우리 여기라니까	audio_7	
우리 용감한 친구들 너무 많아서 좋다	audio_8	
우리 이제 엽동심을 지금 얼마나 길렀어	audio_3	
우리 점프맵을 마크에서 얼마나 많이 하는데 어	audio_6	
우리 타이밍을 잃어버려 야 왜 이렇게 잘해 여기 누구냐	audio_4	
우리 팀에 3명이야	audio_8	
우리 폴 가이즈 업데이트 소식에 바로 한 번 녹화를 켜봤습니다	audio_8	
우리 흑보 할 수 있어	audio_5	
우리가 쫄아서 멈추니까 자꾸 떨어지는 거야 무조건 가	audio_4	
우리는 세번째 하면 창이야 알지	audio_6	
우리부터 봐요	audio_1	
우리에겐 남은 시간은 단 30분 그 안에 우리가 적어도 반 이상은 갈 수 있을지 하나 둘 점프 잠깐만 이거는 우리가 한 번 임기응변을 해볼까	audio_5	
우리있어	audio_7	
우리있어 오케이오케이오케이 우리 체크포인트 이제 못찍어	audio_7	
우오오 야야야 놔놔놔놔놔놔 호호호호호 호호	audio_10	
우와	audio_2	
우와 우와	audio_3	
우우우우우우우 우우우우우우 갈까	audio_5	
우우우우우우우우우 야 이제 가 이 XX 빨러 뭐	audio_6	
우주 악마를 천사로 만들 수도 악마로 만들 수도 있습니다	audio_3	
우주랑 하마를 합치면 우주하마 목돌이랑 도마뱀을 합치면 목돌도마뱀	audio_4	
우주하마 우주랑 하마를 합치면 우주하마 목돌이랑 도마뱀을 합치면 목돼도마뱀 나	audio_3	
운전해봐	audio_4	
움직여	audio_1	
움직일거에요	audio_1	
웃겨보세요 저 웃겨주세요	audio_9	
웃기세요	audio_9	
워터 오케이 오케이	audio_4	
워터 타임	audio_4	
워터 타임 오케이	audio_4	
원 투 쓰리 다 먹었지롱	audio_10	
원 투 하하하 진짜 이 알 딴 이쯔니 산 오케이 예 으치니사용 고루쿠라나 아치 아치 MAYO 아치키오쪼 아 제발요 제발요 선생님 사플 좀요 자	audio_7	
위에 있으면 안돼 올려줘 올려 올려 천천히 아아아아아아 왼쪽 왼쪽	audio_7	
위에 키	audio_1	
위에서부터 밀자 한 명부터 밀자	audio_1	
유령철 컷	audio_2	
유비천 잠깐 깨달았어 깨달았어	audio_6	
윤뇨 견제해주시는 분들 빡게 만다 뺏어야 돼	audio_2	
윤뇨 주면 안돼	audio_2	
윤효 컷	audio_2	
윤효한테 다 보내야겠다	audio_2	
으 엡 인 이거 거실 아온이 컷 아오니까 5 side 아 밀어 밀어 와	audio_2	
으아아아아아 파이팅 해야지 파이팅 해야지	audio_5	
으악	audio_3	
으어으	audio_7	
으으으으 조심성이라거나 그냥 1도 없는 남자	audio_3	
음 자 하나 둘 서희 하나 둘 서희 잠깐만 서희의 외교담판 하나 둘 서희 그래요 그래요 그래요 잘하잖아 그렇지	audio_5	
음기응변이요	audio_7	
응 나야	audio_2	
응 내가 가져갈게	audio_2	
응 내꺼야	audio_1	
응 방금 나잇값을 못했다	audio_4	
응 비켜요	audio_2	
응 안 알려줘	audio_2	
응 응 내가 가져갈게 엄마 삼촌들 이모들아 안줘줘	audio_2	
응 잘가 뭉쇄 뒤로 밀어버리기 밀어버리기 뭉쇄 노인들이 제일 잘해	audio_2	
응 천천히 올라가 한 명씩 그렇지	audio_1	
이 개XX가	audio_9	
이 게임 융통성이 있다니까	audio_5	
이 나를 공격해야 돼	audio_9	
이 맵은 살금살금 결승선까지 다가가야 하는 게임입니다	audio_8	
이 머리 진짜 떨어지면 그냥 끝내자 okay	audio_5	
이 버튼을 한번 눌러보죠	audio_5	
이 새끼	audio_3	
이 새끼 그냥	audio_3	
이 새끼 또 살아남은 애기야	audio_9	
이 새끼 불안한가봐	audio_3	
이 새끼 앞으로 간 다음에 갈지 이게 막 갈 거 같아 천천히 하면 되는데 그걸 또 가자마자 바로 점프해가지고 또 막 갈 거 같아	audio_3	
이 새끼 졌으면 좋겠다	audio_9	
이 새끼들 가만히 있어라	audio_3	
이 새끼야	audio_9	
이 씨발 니들이 더 별로지 이새끼야 나처럼 늙기 쉬운지 알아 이 XX들아 아XX 개펠깡 이새끼들이 이제 내가 이쒸 시XX 개XX 뒤질래 시XX들 아 속 시원하다	audio_9	
이 엉덩이 신에게 감사합니다	audio_5	
이 자식들아	audio_6	
이 자식아 나가라	audio_8	
이 자식아 에이 괜찮습니다	audio_8	
이 자식이네 와 완두콩이야 이름 뭐야	audio_10	
이 정도는 뭐 지금 그냥 장난 아니지	audio_3	
이 정도는 할 수 있잖아	audio_3	
이 제가 출구를겠어요	audio_10	
이거	audio_1;audio_2;audio_3;audio_4;audio_5;audio_7;audio_9	
이거 13초라는 거 같은데 내가 봤을 때 이건 타임어택인 거 같아	audio_1	
이거 1초	audio_1	
이거 가시 나온다	audio_6	
이거 강퇴 없어	audio_3	
이거 고개 왜 이거 고개 사야 올라가시고 얘들아 아 오케이 이렇게 하는 거였어	audio_1	
이거 궁금하다	audio_2	
이거 꽤 어렵거든요	audio_8	
이거 꿀팁인가요	audio_2	
이거 나쁜 이거 이거 잘못된 거지	audio_9	
이거 나와봐	audio_9	
이거 내가 봤을 때	audio_2	
이거 내가 한 번 해볼게 잡아볼게요	audio_5	
이거 너 전화 안 받잖아	audio_9	
이거 너는 이런거 먹고 살아	audio_7	
이거 다시 하자 할 수 있다	audio_3	
이거 다시 해야 돼	audio_1	
이거 답변 타일이 뭐야	audio_9	
이거 된다	audio_7	
이거 떨어지는 타이밍에 앞으로 빨리 가야 될 것 같아	audio_7	
이거 머리 줘면 되잖아	audio_9	
이거 먹으면 없어져	audio_9	
이거 먹자	audio_7	
이거 무슨 얘기야	audio_9	
이거 뭐 어떻게 해야 돼	audio_5	
이거 뭐냐	audio_4	
이거 뭐세요	audio_9	
이거 뭐야	audio_1;audio_5;audio_8	
이거 뭐해야 돼	audio_7	
이거 뭔가 날리는거 같지 않아	audio_7	
이거 밀어	audio_1	
이거 바로 진짜 하나 둘 아 이거 뭐야	audio_7	
이거 밟고 그렇지 얘 살려 야 이거 이건 거 같은데 아 초록색 제발 아 괜찮아 야	audio_3	
이거 보면 불판이 여기 닿거든요	audio_5	
이거 보세요	audio_8	
이거 봐 자 하나 둘 셋 잠깐만 다시 갈까	audio_5	
이거 쉬프트 해도 돼	audio_5	
이거 스윌 미쳤다	audio_7	
이거 스포트라인에 머물러 스포트라인은 어디야	audio_9	
이거 스폰지 잠깐만 나와봐 스폰지야 가만히 있어봐 어디	audio_9	
이거 실수한 새끼	audio_4	
이거 아 이거 다 먹는 거네	audio_1	
이거 아니 아오니 지금 나 아오니한테 치킨 걸었단말이야	audio_2	
이거 안 된다니까 진짜 안 된다고 그러다 떨어진다고 그러다 떨어진다고	audio_5	
이거 안 맞아	audio_1	
이거 안돼	audio_8	
이거 어떻게 뛴 거야	audio_2	
이거 어떻게 올라가지	audio_1	
이거 어떻게 하는 거야	audio_9	
이거 어떻게 하는 건데	audio_2	
이거 어떻게 할 수가 없어	audio_2	
이거 어몽어스 그것 때문에 안 맞아	audio_1	
이거 여기까지만 가가지고 싸고 올래	audio_7	
이거 여기서 딱 쏴 쏴 쏴 이 이거 먹어	audio_7	
이거 오른쪽에 넘어가신 4분이 왼쪽으로 밀어주세요	audio_1	
이거 올라가는 것도 발판 해줘야돼 올라가서 발판 해줘	audio_1	
이거 왜왜왜 일로 가자고	audio_1	
이거 왼쪽 하아 여기 있었네	audio_1	
이거 우리 완전 극초반인데 여기서 텐션 다 쓰면 우리 끝까지 못해	audio_6	
이거 우리 이거 클리어하면 저 왼쪽에 있는 건물 하나만 사줘라야 짠 아니 그렇죠	audio_7	
이거 우리 진짜 따를게 오케이 이게 처음 거 나오고 두 번째 거 나오고 세 번째 거 나오고 이러거든 나오는 거 바로 따라가야 돼 나오면 바로 내려갈게 내려가자 내려가고 걸어가고 가고 가고 뛰어 뛰어 뛰어 에이 쉽네	audio_7	
이거 웃거나 이거 웃거나 흐흐흐흐 운전을 제가 한번 해봐도 될까요	audio_5	
이거 이거 멈춰	audio_6	
이거 이게 한명보다 두명이 두명보다 네명이 낫다 이겁니다	audio_8	
이거 일단 탑을 쌓아서 여기로 점프 뛰어 넘어가자	audio_3	
이거 자 이거 똑같네	audio_1	
이거 자 하나 둘 자 야야야 바로 간다고	audio_7	
이거 잘 될 것 같애	audio_5	
이거 잠수 어떻게 해요	audio_5	
이거 장난짓도 해놨네 움직이는건가요	audio_7	
이거 장력 있잖아	audio_3	
이거 점프했어야 돼	audio_1	
이거 좀 봐봐 규칙이 있을 거 아니야	audio_4	
이거 진짜 아	audio_7	
이거 진짜 안 돼	audio_5	
이거 진짜 이제 안나와	audio_2	
이거 쳐다보는 거 하나 둘	audio_7	
이거 친구따라 가면 된다	audio_10	
이거 타다 이거 타다 이거 타다	audio_7	
이거 탈게요 하나 둘 셋 바로 뛰어 바로 바로	audio_5	
이거 파쿠로 하면 돼요	audio_5	
이거 한 번에 가기에는 조금 어려울 것 같으니까 중간에 한 번 멈추죠 하나 둘 서이 멈추자 한번 멈추자 멈출까	audio_5	
이거 한번 타보죠	audio_5	
이거 한번 해볼까	audio_9	
이거 한번 해봐	audio_3	
이거 할 수 있었는데 와	audio_1	
이거거든	audio_7	
이거네	audio_7	
이거는	audio_2	
이거는 언제 돌아가는걸까 돌아가는것처럼 보이진 않은데 저기 보이는 N방향으로 가야되는건 맞는거 같은데 갈거면 중간에 점프를 한번 해야돼	audio_5	
이거는 올려줄래	audio_5	
이거는 파회법이 있어	audio_2	
이거는 필연적으로 점프해야 된다	audio_5	
이거는요	audio_2	
이거다 이거다	audio_2	
이거리는 하나 둘 저 엄마 어허어어어 제발 아아 아 됐다	audio_5	
이거야	audio_3;audio_4	
이거에 안 맞을 수 있잖아	audio_3	
이건	audio_5;audio_7	
이건 뭐냐 오잉 야 내가 운전이야	audio_4	
이건 뭐야	audio_2	
이건 사실 재밌기 위해서 화나는 척을 하는 거에요	audio_5	
이건 주인공병이 아니라 제가 한번 해볼게요	audio_1	
이건가	audio_7	
이걸 잘해야 돼	audio_8	
이것 재밌다	audio_10	
이것도 ShiftJump 가능 하나 둘 서이 하나 둘 서이 하나 둘 서이 깬 거 아니야	audio_5	
이것도 계단을 쌓아서 가야 돼	audio_3	
이것도 똑같이 계단 만들어서 하면 되네	audio_1	
이것도 뭐야	audio_5	
이것도 바로 점프	audio_7	
이게	audio_5;audio_7	
이게 과반수 이상 안 떨어지면 버틸 수 있거든	audio_4	
이게 그 중간에 저렇게 무너지거든요	audio_8	
이게 그거야	audio_10	
이게 다 같이 가서 다 눌러야 되네 봐봐 하나 둘 셋 넷 다 여 일곱을 눌러서 해야 되네	audio_3	
이게 다음거로 건너가는건가 건너가볼래요	audio_5	
이게 떨어진 사람은 점프점프하고 발광하시면은 못 올라가니까 여러분들 발광 다이오드도 아니고 하나 둘 셋 그렇지 가지마 가지마 가지마 눈치채야지 게임 유튜버들 눈치채야지 노란색에서 밟으면 가시가 와서 치니까 앞에서 기다리는 걸로 해요	audio_5	
이게 마지막 판인가	audio_10	
이게 마지막일 수도 있어	audio_2	
이게 뭐 하는 거예요	audio_9	
이게 뭐야	audio_2;audio_9	
이게 뭘까	audio_5	
이게 발사되는 거네	audio_4	
이게 안됐었어	audio_7	
이게 앞 그 당겨줘야 될 것 같애	audio_5	
이게 어딘지 안보이니까 자 여기서 멈춰야돼 여기서 멈춰야돼 하고 여기 위쪽으로 얘 위쪽으로 어 한번 감아 한번 감아 내려가야될거 같은데	audio_7	
이게 왜 되지	audio_7	
이게 음기응변 된다	audio_7	
이게 이게Box 어 Box 끝	audio_5	
이게 익숙하니까	audio_7	
이게 장력을 조심하라고 각자 줄이 얼만큼 늘어나는지 적당히 생각을 해준 다음에 점프하고 너무 앞으로 멀리 가지 말고 그렇다고 뒤로 와가지고 밀어가지고 갈 공간이 없게 말리지 말고 적당히 거리를 유지해 미안 오케이 칠 쓰지 말고 그렇지 가가가가가가가가가 가라고 좋아 7시간 있으면 가라고 뒤에서 쫓아오니까 그래 스톱 너 내려가 보라색 내려가 앞으로 땡겨	audio_3	
이게 지금 맨 처음에 가지고 있다고 유리한게 아니야	audio_2	
이게 직진으로만 가는 거래요	audio_10	
이게 창이야	audio_6	
이게 한명 떨어져도 뒤에서 누가 받쳐주면은 되는 게임이라 자 욕은 하지마시고 하나 둘 셋 박자 알겠지 하나 둘 셋 끊임없이 올라가는거야 말하지 않아도 알아요	audio_5	
이겼다	audio_2	
이곳은 둔두라런 현재 대한민국 상황에 눈이 내리고 있는데요 미끄러울 수 있으니 엎어보겠습니다 엎어줄 사람	audio_8	
이들	audio_9	
이때	audio_9	
이러고 보지 마	audio_9	
이러다 내가 꼴찌 되겠다	audio_2	
이러려고 운동한 거잖아	audio_5	
이런 거야	audio_6	
이런 게임을 하면	audio_5	
이런 식으로 하면 안 돼	audio_3	
이런 싹구	audio_7	
이런걸 시행착오라고 합니다	audio_1	
이렇게	audio_2;audio_5	
이렇게 20개 먹어야 돼	audio_10	
이렇게 가서 이렇게 가서 이거 여기잖아	audio_10	
이렇게 막 쳐버리는 거야	audio_2	
이렇게 빡 치는 거야	audio_2	
이렇게 어 지우	audio_5	
이렇게 오라고 보라색 이리로 오라고 이렇게 조금씩 오라고 아아아아아아 주황색 제발 급발진하지마	audio_3	
이렇게 오케이 오케이 오케이 다음 턴에 다음 턴에 자 안 와서 당황했어	audio_7	
이렇게 피하면 되는걸 그거를 또 건드리고 가냐	audio_3	
이렇게 하나씩 올라가 있어야 되나 보다	audio_3	
이렇게 하는 게 있어	audio_4	
이렇게 하면 되는 거를 알고 있었잖아	audio_6	
이렇게 한 번씩 오케이 김채원 머리 어 뭐야 오이갸 아깝다	audio_2	
이렇게 할 거야	audio_3	
이렇게 할게요	audio_1	
이렇게 해야겠네	audio_1	
이리 와	audio_6;audio_8	
이리로가야지	audio_9	
이리와	audio_8	
이모 그래 공룡 좀 해줘라	audio_5	
이번 판 솔직히 저격도 저격인데 본인 실력도 문제였다	audio_9	
이번엔 다같이 가자 하나 둘 서이 그렇지 여기에 사다리가 있긴 해요	audio_5	
이번엔 제가 이겼어요	audio_2	
이야 burger 안돼에에에에에에에에에 잠자리 채웁니다 해왔으니까요 솔직히 이건 이제 해야지	audio_5	
이야 아 잠깐만 땡겨 땡겨 땡겨 나 땡겨줘 땡겨줘 땡겨줘	audio_4	
이야 오늘 가슴이 따뜻해졌나요	audio_1	
이야아아아아아 이거다 이거다 좋았다	audio_1	
이전 거까지 포함하자	audio_2	
이전에 노랑이로 왔니 주황아	audio_3	
이정도 여유는 있으니까 놀랬어 놀랬어	audio_5	
이제	audio_1;audio_7	
이제 간다	audio_7	
이제 그렇지 활어 가자 하나 둘 오 뛰어 뛰어 뛰어 오 뭐야	audio_7	
이제 그만하자	audio_9	
이제 먹어 이거 먹어 너희 둘이 잘해야 돼	audio_3	
이제 메인디쉬 들어갑니다	audio_10	
이제 무슨 일 있었어	audio_7	
이제 설명 안 해도 되잖아	audio_3	
이제 움직이기 시작해야 돼	audio_2	
이제 이 정도는 우리 달인이지	audio_3	
이제 이해했어	audio_2	
이제 이해했지	audio_3	
이제 죽으면 안 돼	audio_1	
이제 폴 가이즈에 업기 기능이 생겼습니다	audio_8	
이제 하나씩 한번 해보죠	audio_2	
이제야 깨달아요	audio_7	
이지	audio_1	
이지하네요	audio_1	
이지해 이지하니까 2편 할게요	audio_1	
이쪽에 올라가자 나 끼었어	audio_5	
이쪽으로 와 이쪽으로 이쪽으로 일로와	audio_8	
이쪽으로 이쪽으로 이쪽으로 가	audio_4	
이쪽으로 좀 와봐	audio_3	
이쪽으로 하나 둘 서이	audio_5	
이파채 내려가면 이거는 그냥 바로 뛰어도 되겠다 자 하나 둘 자 수동냥 왼쪽 보시고 저 굉장히 높은 건물들 있죠	audio_7	
이해 불구 하는 거 봐	audio_2	
이해하셨다면 끄덕끄덕 해보세요 끄덕끄덕 끄덕끄덕 끄덕끄덕 으아 자 여기로 올라오세요	audio_5	
인간 시대의 끝이 도래했다	audio_8	
인마 아오 그렇지 친구야 나 업어줘	audio_8	
인생 알려줘야 돼	audio_2	
인성질도 해줘야죠	audio_10	
인어공주가 이길지 완두콩이 이길지	audio_10	
일단 가보자 일단 가보자 와봐 와봐 오른쪽으로 와봐	audio_1	
일단 매달리는거부터 하나 둘 스페이스 눌러요	audio_5	
일단 먹어	audio_1	
일단 이리로 가서 요거를 7명이서 밀어야 돼요	audio_3	
일로 가 태초마을은 가지 마	audio_4	
일로 가야돼	audio_1	
일로 가야되네	audio_7	
일로 타야 돼	audio_4	
일로와	audio_8	
일로와 내가 업어줄게	audio_8	
임마 아니 이 아니 이 어떻게 안 갔어	audio_9	
임마 아아아아아아아 아아아아아아아 아 이거 어디가는거야	audio_9	
있나	audio_5	
잊지 마세요	audio_8	
자 2번	audio_3	
자 7명이 올라가야 돼요	audio_3	
자 가고 다음 네 잡았습니다	audio_5	
자 가고 야야야 앞으로 좀 와줘야지 당겨줘 당겨줘 야 당겨줘	audio_5	
자 가만히 있고 다 왼쪽으로 가야 돼요	audio_3	
자 가자 가자 자 아니에요	audio_5	
자 갑니다	audio_1	
자 겉모습은 겉모습일 뿐 원래 겉모습으로 판단하는 사람이지만 오늘은 하지 않겠습니다	audio_8	
자 게임 만들어볼게요	audio_4	
자 그다음 초록색 올라가고 그다음 올라가고 제가 움직여 줄게요	audio_1	
자 그다음에 영호 내려가 자 그다음에 김치 내려가 그다음에 김우자 내려가 그다음에 올라가요	audio_1	
자 그래서 오늘 해볼 게임은 뭐냐면은 협동 게임입니다	audio_5	
자 그러면 우리 구독자분들 솔로니까 솔로쇼 한번 해 오	audio_10	
자 그러면 한 칸에 두 명씩만 가면 되네요	audio_1	
자 그러면은 다 파악됐죠	audio_2	
자 그러면은 다시 누르고 바로 갈거에요	audio_5	
자 그럼 가보자	audio_5	
자 그럼 보시기 전에 좋아요와 구독 다시 보시기 전에 좋아요와 구독 구르도	audio_5	
자 그럼 이번에는 배틀을 한번 해보도록 하겠습니다	audio_2	
자 내 머리 위에다 올려줘	audio_3	
자 내려갈 거예요	audio_1	
자 내려오세요	audio_1	
자 너무 급해	audio_5	
자 다같이 따라하시면 돼요	audio_1	
자 다시 여기다 자 내 말 들어	audio_4	
자 다시 하나 둘 서잇 그렇지 자 점프를 너무 앞으로 하게 되면은 앞에 걸리기 때문에 하나 둘 서잇 그렇지	audio_5	
자 다시 해 볼게요	audio_1	
자 다음 아 이거 끌어주자 올려 다시 올려 올려 자 앞에 출발 앞에서 점프해서 넘어가자 그렇지 해주고 그 다음 점프 그 다음 점프 하세요	audio_1	
자 다음 어어어어어어이구우 어이구 자 탑 다시 쌓아야 돼	audio_1	
자 당겨 당겨 권채롤이 1도 없네	audio_5	
자 당겨줘 당겨줘 자 그렇죠 동시에 다 같이 가볼까	audio_5	
자 뒤로 살짝 와서 자 쉬프트 점프 쓰리 투 압쇼룰리 한 번 더 쓰리 투 에이 좋아요	audio_7	
자 뒤로 좀 나와주고 좀 나와주고 핑크색 그렇지 자 아니 왜 점프 안 해	audio_1	
자 또 까불지 말고요 까불지 말고요	audio_1	
자 또 이렇게 아휴 저 이모 그냥 자르고 갈까	audio_5	
자 마사 보자 와 뭐야	audio_9	
자 마지막 노란색 까지 올라가고 이제 빨간색만 움직이면 돼	audio_1	
자 머리 위에 올라가자	audio_3	
자 멈추고 아 씨	audio_6	
자 몰라	audio_5	
자 무레호 유노쿠 크라인도 타미카우라는 고퀸이 무리하리 키리카츠하드 카이리카쿠르	audio_1	
자 뭐가 자꾸 떨어지는데 랜덤인데 랜덤이야	audio_7	
자 뭘까	audio_5	
자 밀고 코드를 냅두고 가지 마 점프하지 마	audio_3	
자 반갑습니다	audio_8	
자 본인 위험	audio_6	
자 비켜주세요	audio_1	
자 비켜주세요 비키세요	audio_1	
자 비켜줘	audio_3	
자 비키세요	audio_10	
자 빨리 가야 돼 살짝 떨어져서 점프 살짝 떨어져서 점프 아 제발 아	audio_4	
자 사탕까지 닦겠다 와우 월드 클리어 아 이제 2레벨이야	audio_3	
자 세이브 포인트 어떻게 가지	audio_7	
자 쓰리 투 원 고 그렇지 야 연속적으로 쭉쭉 가 멈추지마 야	audio_4	
자 아 저기 가있을거야	audio_10	
자 아래로 내려가는 거겠죠	audio_10	
자 아오니 같이 한 마리 떨어지자	audio_7	
자 아우 진짜 자 올라와 올라와	audio_5	
자 안녕하세요	audio_5	
자 안녕하시고 자 나 하자 입니다	audio_1	
자 앞에 계시는 빨간색부터 머리 밟으면 누군지 말씀해주시면 됩니다 누구시죠	audio_1	
자 앞으로 가세요	audio_1	
자 어어어 잠깐만 잠깐만 자 점프 한 번 더 어어어 좀 더 좀 더 한 번 더 한 번 더 한 번 더 가자아아아 그렇지 다들 팀폭 좋았어	audio_4	
자 여기 4명만 밀으세요	audio_1	
자 여기 올라올게요 해서 이것도 파크로 하는 거 아니야	audio_5	
자 여기 저쪽으로 하나 둘 서이 하나 하나 둘 오케이 밟아지죠	audio_5	
자 여기는 컨트롤이 중요한데 갔죠	audio_5	
자 여기도 갑니다	audio_5	
자 여기로 와서 이제 같이 한층에 두 명씩 서있어 노란색 대가리에 두 명 올라가고 대가리에 아 안되겠네	audio_1	
자 여기서 보면은 우리 아까 계속 떨어졌던 거 기억나죠	audio_1	
자 여기서 아 맞네	audio_10	
자 여기서 어떻게 할 거냐면 우리 바로 여기로 뛸 거야 여기 앞으로	audio_5	
자 여기서 타야 돼	audio_4	
자 여기서는 직진 쭉 해서 직진하고 직진해서 여깁니다	audio_10	
자 여러분들 강퇴하고 싶은 색깔을 채팅창에 쳐주세요	audio_3	
자 여러분들 안녕하세요	audio_5	
자 여러분들 우리 전에 시기 폄하 이런거 외쳤죠	audio_1	
자 여러분들 저번 어머머즈 영상 재밌게 보셨나요	audio_1	
자 여러분들 지금 4방이잖아요	audio_1	
자 여러분들 하기 전에 각오 한번 말씀해주세요	audio_5	
자 오 마저 가지마 마저 가지마	audio_5	
자 오늘은 우리 사랑스러운 주문을 해봅시다	audio_1	
자 오른쪽 보시고 오른쪽 보시고 우리 이거 올라갔잖아 더 얇은 가지도 올라갔어요	audio_7	
자 오케이 다음 턴 가자	audio_1	
자 오케이 오케이	audio_1	
자 올라가 먹어	audio_1	
자 올라갑시다	audio_5	
자 우리 아 잠깐만 야 살려주세요 살려주세요 살려주세요	audio_4	
자 웬만하면 같이 하자 하나 둘 점프 오케이 오케이 자 이거 여기로 가야된다 하나 둘 서이 내성 발톱 자 밑으로 침착하게 집에 갈까	audio_5	
자 유쓰 이기쑤 오오오 오케이 잡아 점프해 점프해 점프했어요	audio_1	
자 윤뇨입니다	audio_2	
자 이 게임은 쉽게 말해서 이런 식으로 쭈욱 한몸이 되어서 가는 게임입니다	audio_5	
자 이 맵은 뭐다	audio_8	
자 이거 3개짜리라서 조금 위험하네요 야 업어줘	audio_8	
자 이거 다음 돌아올 때 갑니다	audio_5	
자 이거 뭐야	audio_10	
자 이거 올라갈게요 한명씩 그렇지	audio_5	
자 이거 자 괜찮아	audio_5	
자 이거는 각자 거 눌러야 돼요	audio_2	
자 이거는 밟으면서 올라가야 되네	audio_5	
자 이거를 한 명만 밟으면 되는 거잖아	audio_1	
자 이건 알죠	audio_1	
자 이건 오래 펭귄을 가지고 있으면 되는 게임입니다	audio_8	
자 이것도 한 번 패턴 보자 밟고 밟고 밟고 일자가 되는때가 있죠	audio_5	
자 이러고 우리 다 가만히 있을거에요	audio_1	
자 이런식으로 하는 게임이었네요	audio_5	
자 이렇게 신맵일 땐 어떻게 하냐	audio_10	
자 이렇게 한 번씩 다 해보고 나서 하겠습니다	audio_2	
자 이렇게 해서 다시 시작해 보도록 하겠습니다	audio_7	
자 이번에는 줄이 없네요	audio_1	
자 이제 가자 가자 가자 자 점프	audio_7	
자 이제 간다	audio_7	
자 이제 마이크 키세요	audio_1	
자 이제 무임승차 싹 가능 자 과연 반년 만에 돌아온 폴 가이즈는 어떤 새로운 것들이 있을지	audio_8	
자 이제 비켜줘 비켜줘 비켜줘 보라색 비켜 파란색 비켜	audio_1	
자 이제 약 4팀만이 남은 상황입니다	audio_8	
자 인코스 계속 타주면서 점프해주고	audio_10	
자 일	audio_5	
자 일단	audio_10	
자 자 그럼 저거 2번입니다	audio_10	
자 자 다 왔다 다 왔다 다 왔다 다 왔다 자 앞장선다 내가 여기 좀 시원하게 가자	audio_4	
자 자 자 여기 올라와봐	audio_6	
자 자 장난질 해놨어요	audio_5	
자 저게 확실히 알았습니다	audio_10	
자 저렇게	audio_2	
자 저부터 갈게요	audio_5	
자 점프 배틀부터 시작해 볼게요	audio_2	
자 제가 파란색이고요	audio_3	
자 지금 1등 누구죠	audio_2	
자 지금 그냥 바로 갈게요	audio_5	
자 천천히 또 올라가죠	audio_1	
자 체인드 투게더	audio_4	
자 출발 그 다음 출발 그렇지 빨간색 출발 그렇지	audio_1	
자 출발 자 뭐가 나올지 몰라요 올라 내려와 내려와 으아아아하하하하하하하 자 알았다	audio_1	
자 치킨은 꼴찌에게 받으면 된다는 말씀 드리면서 가시는 길에 좋아요와 구독 한번씩 부탁드립니다	audio_2	
자 트램폴린 여기 이쑤시개에서 이쑤시개에 서봐 이쑤시개에 서는거야	audio_5	
자 하나 둘 선 에이 좋아 둘 둘 안 돼	audio_5	
자 하나 둘 셋	audio_5	
자 하나 둘 셋 하면 가 하나 둘 고 그치 그치 그치 뛰어 뛰어	audio_5	
자 하나 둘 셋 할게요	audio_5	
자 하나 둘 점프 최소히 좋아요	audio_5	
자 한 번만	audio_9	
자 한번 진행해보도록 하겠습니다	audio_10	
자기장처럼 알았어	audio_8	
자꾸 이상한 사람을 가려고 하시는데요	audio_7	
자동차를 이용해야 되나봐	audio_5	
자석이 플랫폼을 빨아들이므로 슬라임 밖에 머무세요	audio_8	
자자자	audio_3;audio_6	
자제 못해가지고 이거	audio_6	
자존심 있지 지켜	audio_4	
자책하지 마	audio_5	
잘 갔다 온다 진짜	audio_8	
잘 자란다 고모대 조카 이야아	audio_2	
잘 할 수 있잖아	audio_6	
잘가요	audio_2	
잘못됐다	audio_5	
잘하고 있는 거 아니야	audio_9	
잘하고 있어	audio_3	
잘하기란 애기야 이 새끼	audio_9	
잘하잖아	audio_6	
잘하지	audio_9	
잘한다	audio_2;audio_5;audio_7;audio_8	
잘한다 칭찬해줘 잘했어요	audio_8	
잘한대	audio_3	
잘해요	audio_7	
잘했다	audio_5	
잘했다 잘했다	audio_3	
잘했다 잘했어	audio_1	
잘했어	audio_3;audio_5	
잘했어 멈춰	audio_3	
잘했어 박수 T 눌러서 짝짝 모두 끝	audio_5	
잘했어요	audio_5	
잘했어요 잘했어요	audio_3	
잠깐	audio_4	
잠깐 잠깐	audio_9	
잠깐만	audio_4	
잠깐만 그건 진작에 말해야지	audio_6	
잠깐만 얘들아 얘들아 얘들아 여기로 타	audio_4	
잠깐만 언니 잠깐만요 이거 우리 흉측을 따라주면 이쪽 앞에 보이지	audio_6	
잠깐만 얼굴하고 이거 송출키 아니 아니 이걸 주면 되는구나	audio_9	
잠깐만 엘리스 잠깐만 천천히 체크 포인트 없어	audio_7	
잠깐만 오오오오오오	audio_7	
잠깐만 올려주자 그렇지	audio_5	
잠깐만 이거 들어가면 빙어빙어 도는거 아니야	audio_7	
잠깐만 이거 잠깐만 위험하다	audio_7	
잠깐만 이거는 진짜 영식인데 가면 골 진짜 잘해줘야 돼	audio_7	
잠깐만 이게 막 하면 안되네	audio_9	
잠깐만 이래서 말 끄려고 한 거야	audio_7	
잠깐만 잠깐만 잠깐만 어떻게 된거야	audio_4	
잠깐만 잠깐만 잠깐만 기다려	audio_4	
잠깐만 잠깐만 잠깐만요	audio_7	
잠깐만 점프 두 번 멀리 나간다 시작이 좋지 좋아 시작이 좋아 으르릇 오우 오우 위이라 못자stein 점프 점프 오케이 오케이 오케이 힘내 힘내만 놓고	audio_9	
잠깐만 파쿠로 해볼게	audio_5	
잠깐만 한 명씩 가야돼	audio_5	
잠깐만요	audio_7	
잠깐만요 다	audio_10	
잠시만요 잠시만요	audio_9	
잡아	audio_8	
잡아아아아아	audio_4	
잡았	audio_4	
잡았냐	audio_4	
잡았어	audio_4	
잡어	audio_4	
장난치지 않을게요	audio_6	
장미랑 부른다니까	audio_9	
장발	audio_4	
재밌겠죠	audio_4	
재밌네	audio_4	
재밌는데	audio_9	
재밌다	audio_4;audio_6	
재밌어	audio_6;audio_7	
재밌었어요	audio_8	
잼 착하라	audio_4	
잼민아	audio_1	
쟤 왜 저래	audio_4	
쟤 왜 저래 에이 라이 점프 저 새끼 왜 저래 즐기나	audio_4	
쟤 진짜 잘한다니까	audio_8	
쟤네 진짜 어 그렇지 천천히 해서 와	audio_3	
저 3점이요 와 이거 꼴찌 결정전이야 좋았어	audio_2	
저 건물은 이제 영시의 건물들이에요	audio_7	
저 뒤에 누구야	audio_4	
저 뜁니다	audio_1	
저 새끼 묶어	audio_3	
저 새끼 벌써 저기 있는데	audio_9	
저 새끼 아 이 새끼 뭐하는 새끼야	audio_9	
저 새끼 없을 때 하면 1등 할 만해요	audio_9	
저 새끼 저거	audio_3;audio_4	
저 새끼를 어떡해	audio_9	
저 새키 어디 가	audio_9	
저 왜 실패해요	audio_8	
저 웃겨보세요	audio_9	
저 위로 또	audio_7	
저 인터넷 방송 클린해지는 거 좋아합니다	audio_6	
저 잠깐 오디오 좀 비울게요	audio_8	
저 청소년으로 봐주시는 넘어갈게요	audio_5	
저 한번 올려주세요 맨 밑에 죠	audio_1	
저 회색이 문제야	audio_4	
저거 괜찮아	audio_4	
저거 다시 돌아오는 거였어	audio_3	
저거 떨어지는데 뭐야	audio_7	
저거 먹어야돼 오케이 7초 7초 비켜 비켜야 돼 3초 2초 점프 비켜 비켜 오케이 먹어 먹어 아까보다 더 빨라 한숨 자고 와도 돼	audio_1	
저걸 어떻게 잡아	audio_5	
저게 무너지죠	audio_8	
저기 갔다	audio_9	
저기 민트초코가 잘한다	audio_10	
저기 사다리랑 맞춰야되는데 음 오오오오 됐다 됐다 됐다 일단 해볼까	audio_7	
저기 잡고 올라가야 되는거나봐 올라간다 올라간다	audio_5	
저기 점프 되나	audio_5	
저기다 아 놔라 놔라	audio_9	
저기서 점프를 해야 되는 것 같기도 하고	audio_5	
저기에	audio_3	
저기요	audio_5	
저는	audio_7	
저는 괜찮죠	audio_7	
저는 뭐 친구 아니니까	audio_4	
저는 승자입니다	audio_10	
저는 여러분을 믿어요	audio_4	
저는 우리 편집자님 살려드리려고 마이크를 끄고 했는데 우리 댓글 여러분들이 해안이 새끼 감 다 잃었네	audio_7	
저는 전 사실 연기자에요	audio_5	
저도 오늘 지각한 연기를 한 것	audio_5	
저도 한마디 할게요	audio_9	
저리가	audio_9	
저번 테마는 우주였다면 이번 테마는 바다라고 합니다	audio_10	
저번에 우리 편지자님이 저희 협동게임 하는데 마이크를 4명이서 다 켜고 하니까 죽겠다고 하셨어요	audio_5	
저보다 노인이에요	audio_2	
저새끼 저거	audio_6	
저요 축하드립니다	audio_2	
저한테 아니 저기 이쪽으로 오시라고요	audio_1	
저희 우리 2천 미터 까지만 한 번 가볼까	audio_7	
저희 좋아요	audio_7	
저희 팀을 믿으니까요	audio_7	
저희는 이렇게 합동하는 것보다 서로 치고 박고 싸워야죠	audio_1	
전기 안 통하게 조심	audio_1	
전우의 뭐야	audio_4	
전화 받아라	audio_9	
전화 전화해보세요	audio_9	
절대 먼저 가려고 하지 마	audio_1	
점수제로 해야 될 것 같은데	audio_2	
점심 많이 먹었어	audio_8	
점퍼 다이빙 후프로 통과 아 점수	audio_9	
점프	audio_1;audio_3;audio_7;audio_9	
점프 그래 그래 가고 그렇지 딱 그렇지 오야야야 야 야야	audio_4	
점프 그렇지 밟아줘	audio_1	
점프 배틀부터 아직 치킨 안걸려있으니까 너무 당황하지 마세요	audio_2	
점프 점프 오케이 오케이 오케이 한줄로 한줄로	audio_6	
점프 점프 점프 정신 차리고 싫어한 거 아니고 아아 우리 갔던 데까지 dont stop 오케이	audio_4	
점프 점프야 알았지	audio_7	
점프 트램폴린 자 하나 둘 아이 됐네	audio_7	
점프 하세요	audio_1	
점프 해서 파쿠르하는거 기다려주자 옆으로 빠져주자	audio_5	
점프다	audio_9	
점프만 해도 될 것 같아요	audio_5	
점프점프다	audio_8	
점프클럽 와 이거는 업어달라 해야겠다 저 친구 얼마나 잘하는지 나를 업고도 이긴다	audio_8	
점프하는 거야	audio_9	
점프할 때 내가 앞으로 조금씩 가줄게	audio_3	
점프해야 돼	audio_5	
점프해야되는거 느낌왔지	audio_4	
점프해주고	audio_10	
정가운데로 가는거야 정가운데 서서 상자가 돌지 센스있게 이거 비지컬로 하는거야 어쩔 수 없어 센스있게 도는 방향으로 싹 가	audio_4	
정글 소퍼 지나서	audio_6	
정리	audio_10	
정말	audio_6	
정말 너무 똑똑해 너무 쉽다	audio_1	
정말 잔인한 녀석이군요	audio_10	
정상에 올라가는 거야	audio_4	
정신 없을 때	audio_8	
정신 차려	audio_3	
정신없어 지금 업다가 이거 큰일날거같아 업다 큰일난다	audio_8	
정정당당하게 1대1 하자	audio_2	
제 말을 듣고 한 몸처럼 따라와주시면 돼요	audio_5	
제 아가리를 꾹 닫고 집중해보는 시간을 갖도록 하겠습니다	audio_8	
제가 문 열어드리죠	audio_1	
제가 안 괜찮습니다	audio_7	
제가 알아보니까 이게 체크포인트를 쓸 수 있더라고요	audio_7	
제가 앞으로 가서 얘기를 할게요	audio_7	
제가 에이스이기 때문에	audio_7	
제가 일부러 그 조합을 저 다음에 바꿨어요	audio_7	
제발	audio_10;audio_2;audio_3;audio_4;audio_9	
제발 노랑아	audio_3	
제발 노랑아 가만히 좀	audio_3	
제발 노랑아 제발 가만히 좀 침착해	audio_3	
제발 멈추세요	audio_3	
제발 문을 열어 비켜야 문을 열지 얘들아 머리 위에서 나와야지	audio_3	
제발 아 이거 답답해 죽겠네	audio_1	
제발 앞에 잡아 앞에 잡아 앞으로 와 앞으로 와 앞으로 가봐 앞으로 가봐 앞으로 와봐	audio_5	
제발 우리 평범한 데서 떨어지지 좀 말자 좀	audio_4	
제발 제발 막 누르지 말고 그냥 한 번 누르고 기다려	audio_3	
제발 제발 점프 느낌왔지	audio_4	
제발 제발 제발 안되되되냐	audio_4	
제발 좀	audio_4	
제발 좀 침착해 제발	audio_3	
제발 형님	audio_9	
제발 회색님아 너가 가만히 멈춰있은 다음에 가면 되잖아요	audio_3	
제일 중요한 걸 왜 마지막에 말해	audio_6	
져라	audio_9	
조금 부딪히더라도 맨 마지막에 있는 내가 올라가야 되나 봐 앞에 애들이 체력을 덜 써야 되고 어 할 수 있어	audio_3	
조금씩 그렇죠	audio_3	
조심	audio_4	
조심 조심 멈춰 멈춰	audio_6	
조심 조심 조심	audio_4	
조심조심해야겠네	audio_3	
조심하시고 팔찌 않게 팔찌 않게 팔찌 않게 당황하지마 당황하지마	audio_8	
조심해	audio_3;audio_4	
조심해 야 진짜 창날뻔했어	audio_6	
존나 잘한다 이 새끼	audio_9	
좀 가줄래	audio_3	
좀 더 가야돼 으아아아악 우리있어	audio_7	
좀 더 수월하게 갈 수 있겠습니다	audio_7	
좀 떨어져도 아 야야 아 잠깐 잠깐 야 초록이랑 회색 정신 안 차려 초록이랑 회색 정신 차려	audio_4	
좀 이따 내가 줄게 15초 남을 때 내가 줄게	audio_2	
좀 제발	audio_3	
좀 제발 할 수 있다 가만히 있어라	audio_3	
좀 침착해	audio_3	
좀 하게 지금	audio_9	
좁아졌다	audio_3	
좁으러 가서 너무 힘들어	audio_3	
좋네요	audio_4	
좋습니다	audio_10;audio_3;audio_7;audio_8	
좋아	audio_1;audio_3;audio_4;audio_7;audio_8	
좋아 날 따라와	audio_4	
좋아 얼마나 좋아	audio_3	
좋아 좋아	audio_3	
좋아요	audio_2;audio_3;audio_5;audio_7;audio_8	
좋아요 좋아요	audio_1	
좋아요와	audio_5	
좋았다	audio_1;audio_5;audio_7	
좋았다 골 필요가 없네	audio_7	
좋았다 좋았다	audio_1;audio_7	
좋았어	audio_3;audio_4	
좋은데	audio_10	
좌우로 하니까 존나 헤바라	audio_6	
죄송합니다	audio_3;audio_9	
죄송해요	audio_2	
주변에 자라하는 애 누구 있어	audio_10	
주변에 자라해 보이는 데 따라가면 됩니다	audio_10	
주황색	audio_1	
주황색 내려가세요	audio_3	
주황이 잘 지내지	audio_3	
죽어	audio_2	
죽을뻔했어	audio_2	
죽일까	audio_4	
준비 3 2 1 고 그렇지 좋았다	audio_4	
준비하고 점프 준비하고 점프 준비하고 점프 그렇지 빨리 와	audio_4	
준비하시고 쓰리 투 어	audio_1	
준비했다가 빨리 가자	audio_3	
줄 서봐	audio_3	
줄다리기	audio_1	
중앙색 내려가	audio_1	
즐거운 데이트해	audio_7	
지금	audio_3;audio_4;audio_9	
지금 2시 10분인데 우리 2시까지 모이기로 했다고요	audio_5	
지금 가	audio_9	
지금 그지	audio_3	
지금 꽉 잡아	audio_8	
지금 나와 나와 야 줄 맞춰 줄 맞춰 아까 했잖아	audio_3	
지금 내가 보는 곳 여기로 한 번에 다 다시 하나 둘 셋 찍어줘요 찍어줘요	audio_6	
지금 노란색 좋아 잘했어 호 오우 잘했다 잘했어	audio_3	
지금 다이어트 중	audio_2	
지금 둘 서이 오케이 둘 서이 둘 서이 아니 저렇게 성격은 급하면서 왜 이렇게 늦었대	audio_5	
지금 또 맨 위에 하고 싶어가지고 그냥 주인공병 걸러가지고 누구야	audio_1	
지금 빨간이랑 안 붙겠다 피 얼마 안 남았어도 컨트롤을 통해서 충분히 할 수가 있어요	audio_3	
지금 새끼야	audio_9	
지금 아 아 아아 아아 아아 너 뒤져라	audio_9	
지금 앞에 있는게 저랑 이기 때문에 두분이 약간 앞으로 와줘요	audio_5	
지금 어디로 가는지 알고 가는 거야	audio_4	
지금 이 템포가 빨랐어 그러니까 조금 천천히 퉁 퉁 퉁 이런 느낌으로 가야 되거든	audio_3	
지금 이제 2탄이야	audio_3	
지금 자기 점수 몇 점인지 기억해요	audio_2	
지금 잡아주고 그 다음에 놔주고 돌아서 그대로 잡아주고 프로게이머의 실력이 목술지 않았다 같이 가자 지금 잡아	audio_8	
지금 좀 느린 것 같은데 안 내렸죠	audio_6	
지금 좋아 쭉쭉 올라간다	audio_4	
지금 지금 그렇지	audio_9	
지금 지금 나와봐	audio_9	
지금 지금 오케이 미련중인 게이더 이새끼야 아아아아 아아아아 감히 감히 아아아아 진짜 아쉽다	audio_9	
지금 카트 돌릴게요	audio_9	
지금 현재 4분 37초를 지나가고 있는 상황이고 사실 저는 우리 친구들이 엔딩을 볼 거라고 기대하진 않아요	audio_5	
지금까지 어때요	audio_5	
지금부터 체크포인트 쓰면은 저	audio_7	
지금이 되는판이야	audio_10	
지금이다	audio_2	
지나가주고	audio_9	
지나가주고 이 새꺄	audio_9	
지도가 빠릅니다	audio_5	
지도가 음	audio_5	
지렸다 지렸다 아 나이스 나이스 아니 레게는 진짜 말 두껍게 안 들어	audio_1	
지우였어요	audio_1	
지하철 2호선처럼 한 명 한 명씩 들어가야지 새치기 하면 안 된단 말이에요	audio_5	
직진	audio_1	
진도가	audio_7	
진짜	audio_2;audio_6;audio_9	
진짜 가보자 그 말 지킬 수 있어	audio_7	
진짜 그러다가 니 귀에 니가 당한다고 임마 잠깐만 이거 줄어드는구나	audio_8	
진짜 깨겠는데	audio_7	
진짜 깨는 거야	audio_6	
진짜 나와	audio_9	
진짜 나와봐	audio_9	
진짜 나이스 나이스 어떻게 알았지	audio_5	
진짜 너무 반겼다	audio_2	
진짜 너무 죄송한데 변명을 한 마디 엿보보자면 저 아침 10시에 자서 오후 5시에서 7시 사이에 일어나는데 오늘 최선을 다해서 일어났다는 점 아유 이렇게 주무시면 안 돼요	audio_5	
진짜 너무해 이거 조심해야 돼 앉아서 가야돼 앉아서 가야되나봐	audio_7	
진짜 누구 눌러봐 이거 어떻게 놔 형 너 누구 눌러봐 본지야 니 대가리 누르기 전에 이제 가만히 있을래	audio_9	
진짜 누구야	audio_3	
진짜 많다	audio_2	
진짜 아 이거 싫어	audio_2	
진짜 아 진짜 꺼져봐	audio_9	
진짜 아니야	audio_6	
진짜 아닙니다	audio_1	
진짜 어 안 내려갈 거야	audio_2	
진짜 어이가 없네	audio_6	
진짜 열받네	audio_5	
진짜 오케이 내가 오더하는게 맞나	audio_7	
진짜 이기고 싶나 봐	audio_2	
진짜 이씨 꺼져라	audio_9	
진짜 잘하는 걸 발견했다	audio_7	
진짜 잘했다 잘했어	audio_5	
진짜 저 말 안 할게요	audio_2	
진짜 죽인다	audio_6	
진짜 진짜 아 진짜 연 aura 할 수가 없어	audio_6	
진짜 진짜 진짜 이런 게임을 아온이랑 나랑 2개 했으면 아 우리 이제 손절했지 벌써 원의 끝이야 원의 끝 이쯤 이쯤인 것 같아요	audio_7	
진짜 창이야 콩이야 창이야 세번은 창이야 세번은 창이야 세번은 창이다 창을 열어 야	audio_6	
진짜 축하한다	audio_2	
진짜 형님 근데 폴파이즈 한창 때는 저격 프로포 1등 하기가 들어와봐 오케이 저격 틀고 1등 확인 들어와봐	audio_9	
진짜로	audio_1	
진짜로 안 돼	audio_5	
진짜로 이제 말 안 해 떨어지면 안 된다 위로 가자 위로 가자 바로 올라가 아	audio_7	
진짜빨고해	audio_6	
집중하고 자기 캐릭터만 봐	audio_3	
집중하는 게 보여	audio_2	
집중하는 모습 좋아	audio_7	
집중하세요	audio_7	
집착할게요	audio_3	
징징이 떨어졌지	audio_9	
짬쎄 괜찮아요	audio_10	
짱구를 하자	audio_2	
쪼금 길어	audio_7	
쪽으로 가자 오른쪽으로 그렇지 가자	audio_5	
쫄지 말란 말이야 여기 쫄지 않는 게 중요해 노쫄 포인트 멈추지 마 좋아 내가 리더다	audio_4	
쭉쭉 고 우리는 항상 생각해 우리는 항몸이야 알겠지	audio_4	
찍어줘	audio_6	
차 차 차 호우	audio_4	
차라리 니가 먹어 누가 먹은거야	audio_2	
찾아야 돼	audio_1	
채원이 나 채원이다	audio_2	
채원이다 나 아오니 아오니가 역배야	audio_2	
채원이다 나 채원이다	audio_2	
처음부터 과감하게 가겠습니다	audio_8	
천천히 가야되는데 아아아아아아아아 이게 뭐야 뒤로 가야될거 아니야	audio_3	
천천히 천천히 천천히 잠깐만 아 잠깐만 그냥 가도 되는거 맞지	audio_7	
첫 술에 배부를 수 없어요	audio_8	
첫판은 연습게임	audio_2	
체인 투게더 너 뭐	audio_5	
체크 포인트는 아니야	audio_7	
초록색 내 마음속에 저장	audio_3	
초반엔 작아서 안되네	audio_2	
촉수가 어딨죠	audio_10	
총 12명 파이널 라운드인가요	audio_8	
총 점수를 해가지고 꼴등이 1등한테 사주기	audio_2	
최대한 넓은 쪽에 있어야 돼	audio_8	
출발	audio_1;audio_10	
출발 출발 한 명만 밀어주고 자 이거는 이제 한 명씩 밟아야 돼	audio_1	
출발하기 전에 제가 출발하라고 하면 출발하고 스 앞에 이거 있는 거 알죠	audio_1	
치킨	audio_2	
치킨 걸고 한번 해보도록 하겠습니다	audio_2	
친구를 3명 잃었어요	audio_4	
친하게 지냅비	audio_2	
침착해	audio_3	
침착해 침착해	audio_3	
칭찬하자마자 나 컷	audio_4	
칼을 뽑았으면 너의 끝을 볼 수도 있어	audio_3	
캐릭터 고를 수가 있네요	audio_4	
캔쭌 캔쭌 게임 죽도 못 해가지고	audio_2	
커플 사랑 싸움 한다 속보 둘은 만난 적이 있다	audio_2	
컨트롤 뭔데 컨트롤 너무 갑자기 난이도가 어려운데 이건 유튜브 박사님을 한번 찾아보고 올까	audio_7	
켠왕이지	audio_6	
코잇	audio_2	
큰 거 온다 크크	audio_3	
큰일 났다	audio_3;audio_5	
큰일났다 할 observing 그러자 그러자 그러자 나 실제로 물 좀 가져올게 난 제로 콜라로 가자 가자 가자 nego 굉장히 급성 김보은 엘리스는 차살 때 리스로만 사 싱크 미안 hela 야 이거 미쳤다	audio_7	
키 좀 크지	audio_1	
키 컷네	audio_2	
키 크셔야죠	audio_5	
키가 또 큰일 나지	audio_2	
킹코킹크2가 나올 줄이야	audio_3	
타야돼	audio_4	
타이밍	audio_9	
타이밍 이때야	audio_9	
타이밍 잘 맞춰야 된다니까	audio_3	
탑 쌓는 거 알지	audio_3	
탑 하면은 이제 우리가 또 잘 쌓잖아 이제	audio_3	
탕후루	audio_9	
탕후루 피해줘요	audio_8	
태양아	audio_9	
태양아 그림자를 보면서 움직여	audio_9	
태연아 1점만 더 하자 1점만 더 하자 오케이 오케이 오케이 하자 하자 야 아오니 화이팅 야 비켜 비켜 다 비켜줘 다 비켜줘	audio_2	
태연점프 하나 둘 서희 하나 둘 서희 조금만 점프해 하나 둘 서희 넘어가지 않게 하나 둘 김서희 김서희씨 댓글좀 달아주세요 하나 둘 이서희 이서희씨 댓글좀 달아주세요 좋아요도 박 댓글 안달아도 돼요	audio_5	
태초마을은 가지 마	audio_4	
통 하나 둘	audio_3	
투표 들어가	audio_3	
팀플	audio_4	
팀플 맞아졌어	audio_4	
팀플 좋아 한 번 더 그래 연속적으로 가는 거야	audio_4	
팀플 찢었다	audio_3	
팀플이 내 혈압을 찢었다고	audio_3	
파란색까지 가보자 해봐 해봐 파란색까지 가보자 가보자 만약에 해서 안되면 돌아올수도 있네 돌아오자 돌아오자 바쿠르 어우 자 바쿠르 어우 좋아	audio_7	
파랑	audio_3	
파랑 그냥 파랑	audio_3	
파랑 파랑 파랑	audio_3	
파이널 레운 점프 쇼 댐 브로우	audio_8	
파이어	audio_9	
파이팅	audio_4;audio_7	
파이팅 믿을게	audio_7	
파이팅 여기서 한번 뜁니다	audio_7	
파이팅 파이팅 야 이거 지우가면 되잖아	audio_5	
파이팅 하자	audio_4	
파쿠르 해	audio_5	
파쿠르 해 파쿠르	audio_5	
파쿠르가 어 배그처럼 파쿠르 야	audio_5	
파티 애니멀즈가 뭐야	audio_9	
파회법 뭐죠	audio_2	
팔이 말을 안 듣는다고 잘라버릴 순 없잖아	audio_4	
퍽퀸 이즈이 이번엔 올라가시려고 오케이 한번 올려줘보자 이 상태도 가도 되겠다	audio_1	
펀치 배틀 해볼게요	audio_2	
펄 가이즈 무료인가	audio_9	
펄 가이즈 재밌어요	audio_9	
펄 가이즈가 뭐야	audio_9	
펄 가이즈가 재밌어	audio_9	
페이크 댄스 누굴	audio_10	
펭귄 펭귄아 펭귄 내놔 이 자식아 내놔 내놔 내놔 이 자식아 그렇지 여기 내놔 이 자식아 오케이 우리 팀이 한 명 계속 가지고 있었구나	audio_8	
편집가님 자막타시기 더 힘들겠는데	audio_7	
편집자님 구독자님 이해해주시길 바라겠습니다	audio_8	
편집자님 긴장되는 부금 틀어주세요	audio_8	
평화	audio_1	
포즈	audio_2	
폰지	audio_9	
폴 가이즈 입니다	audio_8	
폴가이즈 국가대표 혜안입니다	audio_10	
폴가이즈나 파티애니멀즈 같은 거 하라고 너랑 색 달라서 재밌다니깐	audio_9	
푸드dos 아나입니다	audio_9	
풍신	audio_2	
프로게이머	audio_8	
프로게이머 자아가 나와야겠다	audio_8	
피지컬 컷	audio_9	
피코파크2	audio_3	
피타고라스 정의를 이용해서 한번 만들어보자구요 올라갈 수 있게 그렇지 밟아주고 그렇지 다음 올라갈 수 있게 밟아줘	audio_1	
피해	audio_6	
피해 돌아 돌아 돌아	audio_9	
피해서 가면 돼	audio_6	
피해주고	audio_9	
피해주고 여기 절대 오지 마	audio_9	
피해주고 피해주고 피해주고 키티야 얼굴 왜 이렇게 빠졌냐 갑자기 피해주고 이런 새끼야 아니 피티야 나와봐	audio_9	
핑크랑 주황이 잘해야 돼	audio_3	
핑크색 올라가서 만들어주시고 그다음 내려가	audio_1	
핑키 가져가자 핑키 자 이런식으로 인성질 해주면서 기다릴게요	audio_10	
하나	audio_9	
하나 둘	audio_7	
하나 둘 넷 둘 다섯 둘 6 킥 hog 오오오오오 아 편집자님 편집거리 안 나오겠다 하아	audio_7	
하나 둘 뛰어 뛰어 뛰어 시프트 시프트 내가 밀려 내가 밀려	audio_7	
하나 둘 사이 텔레포트	audio_7	
하나 둘 서이 네 좋아요	audio_5	
하나 둘 서이 바로 뛰어 둘 서이 자 위에 올라오지 올라오지 서이 와줘야 돼 와줘야 돼 와줘야 돼	audio_5	
하나 둘 서이 오케이 자 두분 그렇지	audio_5	
하나 둘 서이 자 임기응변 하셔야 돼요	audio_5	
하나 둘 서잇 이것도 뭐야	audio_5	
하나 둘 셋	audio_10;audio_4;audio_6;audio_7	
하나 둘 셋 가	audio_5	
하나 둘 셋 그렇지 이런 식으로 해야지 바로 갔다 바로 갔다	audio_6	
하나 둘 셋 그치 하나 둘 셋 그치 왜 이렇게 잘해 우리 어 이거 그냥 올라가지네	audio_5	
하나 둘 셋 기다려 가지말라고 했어	audio_5	
하나 둘 여시 자 올려 으아 올려 으아 올려 올려 올려 그렇지	audio_1	
하나 둘 이거는 바람을 맞으면 날라가겠네	audio_7	
하나 둘 잡아	audio_10	
하나 둘 점프가 빨라 점프점프 파쿠르 하지마 파쿠르 하지마 뒤에서 점프하면 파쿠르 안해	audio_5	
하나 둘 헤이크 보소 하나 둘 야 길이 만들어지네	audio_7	
하나 서두야	audio_4	
하나 야 어딨니	audio_9	
하나도 안 어렵네요	audio_5	
하나만	audio_9	
하나만 제발	audio_9	
하나씩 가자고	audio_1	
하는 폼부터 다르다 와 분위기가 달라 분위기가 달라 지금 이 친구 지금 어리버리 어리버리 어리버리 어딜 갈래 어딜 갈래 어딜 갈래 어디로 가야돼	audio_8	
하라비가 캐리한다	audio_4	
하러 가자	audio_7	
하렌치	audio_8	
하렌치 하렌치 하렌치 야 이미 이겼어	audio_8	
하렌치 화이팅 하렌치 떨어졌어	audio_8	
하렌치씨 파이팅 나이스 잘한다	audio_8	
하여튼이에요	audio_1	
하이	audio_10	
하자	audio_4	
하지 마 진짜	audio_3	
하지 마 하지 마 하지 마	audio_3	
하지 마라 진 흐허허허허허허허 어 3초 다	audio_10	
하지마	audio_6	
하지마 하지마	audio_10	
하지마라 진짜 하지마라 너 진짜 니 귀에 니가 속는다	audio_8	
하지만 아무도 실수할 수 있으니까	audio_5	
하지만 약간 그렇게 과감한 시도 약간 무서워요	audio_5	
하지만 우리는 어차피 한몸이야	audio_4	
하하	audio_4	
하하하	audio_4	
하하하하 어	audio_7	
하하하하 오 뭐야 어떻게 하는거야	audio_7	
하하하하하 하하하하하 안녕하세요	audio_8	
하하하하하하 아니 뒤로 가졌다니까요	audio_1	
하하하하하하 아니 유현이 왜 뒤로 가세요	audio_1	
하하하하하하하 링을 먹는 건가 봐	audio_10	
하하하하하하하하 이거 뭐야	audio_1	
한 만 개 정도	audio_7	
한 명 내려가 초록색	audio_3	
한 명 아 그냥 한 번에 갈까	audio_5	
한 명 올라가야겠다	audio_1	
한 명만이라도 올라와	audio_4	
한 명씩 가야돼 잠깐만 엘리스 일로 와봐 일로 일로 와봐 다 와봐 와봐	audio_5	
한 명씩 내려가 한 명씩	audio_1	
한 명씩 밀자	audio_1	
한 명씩 하나는 내가 봤을 때 박스를 올리는 거네 해주고 그렇지 서주고 그렇지 내려가주고 내려오면 야 됐다 됐다 됐다 요씨	audio_1	
한 몸이 된거 같애 마치 W met w met w met 좋았어	audio_4	
한 번 눌러줘라	audio_8	
한 번 더	audio_3	
한 번 더 가야 되네	audio_7	
한 번 더 네	audio_1	
한 번 더 하고 그렇지야	audio_4	
한 번 더 한 번 라스트	audio_3	
한 번 더 해보자 한 번 더	audio_2	
한 번 더 해서 여기로 이제 오는 거야	audio_4	
한 번 더 해야 되나 보다 이거	audio_3	
한 번 마지막 라스트	audio_3	
한 번 야	audio_3	
한 번 해본 거야	audio_3	
한 번 해봤던 길이잖아 금방 간다	audio_4	
한 번 해봤어	audio_3	
한 번만 타보자	audio_9	
한 번에	audio_5	
한 번에 가자	audio_5	
한 번에 슈퍼점프 안 될까	audio_7	
한 번에 한 번에 할 수 있어요	audio_6	
한 번에 할까	audio_7	
한 줄로씩 가면 돼요	audio_5	
한결같다	audio_5	
한국인 연습 바로 업어주세요	audio_8	
한글은 안 쳐져	audio_5	
한글자막 by 한효정	audio_6	
한다	audio_1	
한마디 안해도 왠지 엄마	audio_2	
한몸이야	audio_4	
한몸이야 하나	audio_4	
한몸이야 한몸이야	audio_4	
한번 더 꺾어야돼 왼쪽 여기서 이제 직진 어 여기 아니다	audio_7	
한번 보고가자	audio_5	
한번 여기 뭐있나 보자 오른쪽으로 와보자 오른쪽으로 예 아아 여기 도와줘	audio_1	
할 수 있다	audio_3	
할 수 있다 할 수 있다 금방 간다	audio_4	
할 수 있다고 얘기해줘	audio_8	
할 수 있어	audio_3	
할 수 있지	audio_3	
할까	audio_9	
할아버지 손주들 키우시기 힘들어 보여요	audio_4	
할인치 이번엔 내가 해서 할인치	audio_8	
항상 기대하면 실망만 따라왔기 때문에 하지만 그럼에도 그 과정에서 우리 구독자 여러분들이 즐거움을 찾을 수 있을 거라고 생각이 듭니다	audio_5	
해보고 안되면 그냥 떨어지는 거야 좋은 아이디어 X 2 그럼 이쪽 보고 갈까	audio_5	
해보는 거야 씨	audio_9	
해보자	audio_6	
해보자 그렇지 조심하고 야 천천히 뒤에 뒤에를 보면서 뒤에 너무 늦는 친구도 좀 봐가면서 그렇지 거의 일심동체야	audio_4	
해보자 제발 나와라	audio_9	
해봐	audio_9	
해서 내가 한 번 당겨볼게	audio_5	
해안 온	audio_8	
해안저스 스크램블 굿모닝 해안저스입니다	audio_7	
해안저스 이제 개 잘합니다라는 제목으로 올려보자 해안저스 이제 개 잘합니다는 개뿔 개 못합니다	audio_7	
했어요	audio_9	
행복	audio_1	
허어	audio_3	
허어 그렇지 그렇지 어우 긴장감 쩔어	audio_4	
허하이	audio_9	
허허허허허아 하하다른 길이네	audio_5	
헐 아 외우자 외우자 잠깐만 이	audio_7	
헛공 지렸다	audio_6	
현재의 몰리 를 무릎 위에 올려놓고 꿈의 파이프 나라로 떠나볼 시간입니다	audio_10	
협동 게임이죠	audio_3	
협동 잘해야 돼 얘들아	audio_3	
형 거 보고 있지	audio_9	
형 경고했다	audio_9	
형 나 좀 하자	audio_9	
형 돌아와	audio_3	
형 분명히 마랑인 거 알고	audio_9	
형 죽어서 관전이야	audio_9	
형 파이퍼보드 영웅 승리라고 돼있네	audio_10	
형이 아 진짜	audio_9	
호우	audio_4	
호이야	audio_1	
호잇	audio_4	
혹시	audio_5;audio_7	
혹시 올려줄래	audio_5	
혹시 우리팀 죽었어요	audio_8	
혹시 좌네만 사용하지 마시고 우네 좀 써주실래요	audio_1	
혹시 찔려	audio_5	
혼자 해도 지읒 같은 걸 4명이서 쇠사슬 묶고 쳤게라	audio_4	
화가 나는 건 콩콩이가 진짜 나한테만 저런다는 거야	audio_6	
화이팅Hoho 영실이 컷 화이팅 파이팅 분들 차에 아아아아악 큰 아 나 이모 이모는 삼촌대 조카 누가 이길것인가 3Ha ADES muras 직접 textile 오 state 그다음 이모 대 조카 당탱 eles 무더져 무더져 존나 무더져 키가 존나 작죠 난쟁이죠	audio_2	
화장실 가능	audio_4	
화장실 다녀올게요	audio_9	
황금 어디 있어	audio_9	
황금이다 황금	audio_9	
회색 가만히 있어	audio_3	
회색 그냥 어	audio_4	
회색 당겨	audio_4	
회색 회색 살려야 돼 회색 살려 회색 살려 지금 어떻게 하는지 알겠지	audio_3	
회색 회색아	audio_4	
회색만 가봐	audio_3	
회색은 다시 가 회색 다시 가 별 만들지 마	audio_3	
회색이 내려가고 오케이 찢어 그냥 찢어 됐어	audio_3	
후레쉬에 전부 마주칩 하	audio_9	
후우	audio_9	
후프로 어떻게 통과하지	audio_9	
휘청아 휘청아 이렇게 넘어가 이렇게 3 음	audio_6	
휴식	audio_4	
흐흐흐흐흐흐흐흐흐흐흐흐흐흐흐 이거 그럼 우리가 한 번씩 돌아가면서 오더 하자 우리 아무 말도 안 하고 오더만 오케이 누가 먼저 할래	audio_7	
흐흐흫흐흫흑	audio_4	
희망 줬다가 살려버리네	audio_10	
희망을 같이 할 수 있어 편집자님 이거 꼭 넣어주세요 나 한번 했어요	audio_2	
희생 나와	audio_3	
희생 들어가	audio_3	
힘 받는다	audio_1	
힘내자	audio_4	
힘을 내라고 말해줄래	audio_8	
힘이 부족해	audio_10	
