sentence	label
1등 한 사람 제가 치킨 사도록 하겠습니다	
2학년 3반	
3단계 애개 스키 어우 야 움직이지 마라 잠깐만 자	
4명만	
4분 4분만	
5초	
7초 7초 비켜 비켜야해 비켜야해 비켜줘 3초 2초 자 갑니다	
7초 얘들아 할 수 있어 먹어 먹어 내려와 자 야 저것도 가져와 오케이 이제 알았다	
가만있어	
가만있어 가만있어	
가만있어 아무것도 하지마 그냥 바로 가자 바로 가자 바로 가자 그렇지	
가만있어 올라가	
가면 돼요	
가봐	
가운데 오시고 자 그럼 핑크색 가세요	
가자	
가자 가자 가자 가자 바로 가자 바로 가자 가만있어	
가자 가자 간다	
같이 오케이 오케이 오케이 잠깐만 들어가지 마봐 들어가지 마봐 가자 가자 가자 잠깐 멈춰봐봐	
계단 쌓아줘야 돼 계단 먹고 나이스 다 먹었다	
계단 이게 삼각형을 만들 수 있거든요	
계단 타	
계단계단계단계단 나이스 나이스 올라오세요	
고인세	
그거	
그거 잘 맞	
그거를 손 뗐거든요	
그게 맞는 것 같아요	
그냥 가도 되는구나	
그냥 그 저번처럼 자기 시점 녹화를 해서 어 이거 이거 뭐죠	
그래 엘리베이터 올라가요	
그래서 배틀로 가도록 하겠습니다	
그랬냐	
그러면 아우 너무 쉬운데	
그러면 저	
그렇기 때문에 내가 한번 밟아볼게 이거 한 명이라고 인식할 수 있단 말이지 굉장히 싱크빅이었다	
그렇지	
그렇지 7초 남았다	
그렇지 가만히 있어 밀어 앞으로 밀어 다 밀어	
그렇지 그 다음 그렇지 그 다음 가 가 예 그 다음 가 빡 자 그렇 자 오케이 요씨 끌어올려줘	
그렇지 그렇지 가만히 있어줘 가만히 있으면 그게 바로 신호 아니겠어	
그렇지 그렇지 그렇지 그렇지 3학년 3반 뭐야	
그렇지 그렇지 그렇지 이렇게 하고 제가 여기 올라가서 자 밀어 이제 밀어 하나씩 쪼금씩 야아 다시 들어와 다시 뒤로 와	
그렇지 그렇지 살려줘	
그렇지 그렇지 아니 나와	
그렇지 나와 나와 나와 나와 나와 나와 자 비켜주시고 비켜주시고 나와 나와 비켜주세요	
그렇지 두명이서 먹어줘	
그렇지 들어가	
그렇지 밀어 다 앞에 눌러야돼	
그렇지 여기도 먹어	
그렇지 여기도 여기도 먹어	
그렇지 오세요	
그렇지 올라가 올라가 그렇지 밟아 계속 밟아 계속 밟아줘야 돼	
그렇지 올라가줘	
그렇지 움직이지 마	
그렇지 좋았다 좋았다	
그렇지 짜자자자자자자 오케이 여기 계단이죠	
김치입니다	
끝끝끝 나	
나 먹었다	
나 이거 잘했어	
나야	
나이스	
내가	
내가 밀게	
내가 발판 해줄게	
내려와야 돼요	
너는 계속 밟아주고 있어야 돼 오케이 오 뭐지	
너무	
네 누구시죠	
네 밀어주세요	
네 밟고 한명씨 그 다음 주황색 같이같이 아 아니 뭐야 누구야 주황색 o 실패 실패 오케 움직이지마 움직이지마 간다 요시	
네 윤누님 밀어드리고 자 그만 밀어 너무 많이 밀지마	
네 자 누구시죠	
네 자 이렇게 모였습니다	
노란색님 준비되셨어요	
느낌이 3학년 1반 어 뭐야 이거 뭐야	
다 가면 안 돼	
다 뒤로 오세요	
다 먹어야 되나봐	
다 먹어야 되나봐 빨리빨리	
다 밟고 밟으면 초가 늘어나니까 다 밟고 찾아가야 돼	
다 이제 내려와 자 지나갈게요 지나갈게요	
다 지금 뒤로 와	
다 타는거 다 타는거 자 우리 새로운게 나올때는 지켜보자고 오케이	
다 타야 돼	
다시 돌아가야 돼	
다시 하기에는 시간이 너무 많은데	
다시 하자	
다시 해야겠다	
다음 이제 3단계 갈 거예요	
더 내려와봐요	
돌아가	
들어가보세요 였쓰	
들어가봐	
들어가세요	
들어와	
들어와 가자	
들어와 들어와	
들어와 들어와 들어와	
들어와 문 열어	
따라가자	
또 또 또 또 또 또 또 또 또 이거 뭐야	
또 앞서가지 말고 줄 꼬였잖아	
띠어야 돼 띠어야 돼	
말 들어주세요	
맨 뒤로 오시고 빨간색방 가운데로 오세요	
맨 마지막에는 한 명만 남으면 되는 거예요	
먹어	
먹어주고 윤여 님 윤여 님 데려와야 해 으응	
먹어줘	
먹어줘 여기 먹어	
먼저 가기보다는 우리 서로의 발판이 되어주자 우리 서로의 발판이 되어주자	
문 열게요 비켜주세요	
문 열려	
문 열어세요	
문 열어줍시다	
문 열어줘	
뭐 고무중놀이하는거야	
뭐야	
민호야	
믿음	
밀어	
밀어 밀어오라오세요	
바로 시작해보도록 하겠습니다	
바로바로 피꼬 파크 네 오늘 해안저스 여러분들을 데리고 피코파크라는 협동게임을 해보려고 합니다	
박스 박스 치워주	
박스 치워주	
박스 치워주시고 야 5초 남았다	
발꼬임 발꼬임	
발판 움직여줘야지 이제 그렇지 위에 서로 발판 해줘야돼	
밟아	
밟으면 밟을수록 뭐가 늘어나네 올라가 올라가	
버텨줘요	
봐봐	
블럭	
비켜	
비켜봐	
비켜줘야죠	
빨간 인포임	
빨리 들어와	
빨리 들어와 자 3학년 2반 자 일단 뭐야	
뿡 내꺼야 뿡 내꺼야	
사랑	
살려줘 살려줘 끝까지 끝까지 끝까지 아 끝까지 끝까지 오케이 아니 나와 나와 빨리 나오세요	
서로 그냥 서로 얘기하는 거예요	
쉽네	
시스템이 안 맞다	
아 가자	
아 그거였어	
아 나 진짜 미친 아저씨야	
아 님들	
아 님들 화이팅	
아 다 했네	
아 뭐	
아 뭐야 뭐야 아니야 아니야 여기서 이번에도 또 그거 해야 될 것 같애	
아 여러분들 2단계부터 굉장히 힘들었습니다	
아 오케이	
아 올라갔더니 뭐라고요	
아 이거 계단 만드는거야	
아 이거 계속 밟아주고 올라가야 되는데	
아 이거 계속 올라가는 거구나	
아 이거 내가 올라가줘야 되는 거구나	
아 이거 왼쪽에 밀어야 되네	
아 이런식으로	
아 이렇게 좋았습니다	
아 이렇게요	
아 이번엔 내가 캐리했다	
아 좋았습니다	
아 진짜 아쉽다	
아니	
아니 근데 왜 이렇게 한숨을 쉬세요	
아니 나 엉클을 해봤지	
아니 나 자기야	
아니 뒤로 갔다니까요	
아니 망설이지 말고 출발 구	
아니 아니 누구야 이거 나이스 뭐야	
아니 왜 그래	
아니 이거 다밟아야되요	
아니 이러면 어떡	
아니 이즈 맞아요	
아니 잠깐만	
아니 키보드에 손이 안되는데 뒤로 갔다니까요	
아니 한마디만 해도 돼요	
아니아니 계단하자고 계단 이렇게 아니 계단하자고 계단 일로 가야돼	
아니아니 들어	
아니야	
아니이이이이이이이이 흐하하하하하하하하하하하하하하하하하하하하하하하하하하하하하하하하하하하하하하하하하 아니 이게 진짜 실수로 진짜리 첫번째 번개 다시 해보자 우리 심박하게 우리가 어몽어스 아니에요	
아닌가	
아아아아아	
아야	
아오	
아이 귀찮게 하시네 정말 자 기다려 기다려 기다려 기다리라고 전원이 다 타야 돼요	
아직 안 끝났어요	
안 닿는데	
안 열렸잖아	
안녕하세요	
알겠죠	
알았다	
야 됐	
야 똑똑해	
야 요시	
야 이거 2단계야	
야 이러면 어떡	
야 이쪽으로 같이 와줘 야 이거 한쪽 다 같이 먹어야 돼	
야 자세해	
야 크 크 크 크 크 크 이거 오늘 점심 두 그릇 먹은 사람 누구야	
야아	
야아 잠깐만 다 먹었어	
야아아아아아 아니 왜 뒤로 가	
야아아아악	
야야 올라가 먹어	
야하하하하하 아아아아악 윤누님	
얘들아 그렇지 서로의	
얘들아 뒤로 와 뒤로 뒤로 그치 좋아	
어 가가가 줄여 밟고 올라가세요	
어 그렇지 걔가 가 너가 가 너가 가 아 내가 갈게 비켜 비켜 가만히 있어 그렇지 그렇지 그렇지 그렇지 빨리 들어와	
어 아까처럼 하면 되겠다	
어 에에 레쓰 엘레스키 1단계 어 됐다 아아아아 내머리 밟지 마셈 먼저 가 먼저 가 다같이 가자 다같이 가자	
어 이건 뭐야	
어몽어스가 제일 쉬웠던 것 같습니다	
어휴씨 맨 위 맨 위 맨 위 내꺼임 맨 위 내꺼임	
여기도 먹어	
여기서 그러면 한 칸씩 움직여야겠죠	
여러분 그냥 제 말 들으세요	
여러분들 어떠셨어요	
열쇠 주세요	
열어	
열어 열어라 참깨 들어가 잠깐만 우리 갇혔다	
열었어	
예 들어오세요	
예 비켜주셔야죠	
예 좋아요	
오 야아 자 오케이 알아냈죠	
오늘 해볼것은요 맞습니다	
오른쪽 오른쪽으로 내려가서 좀 내려가 봅시다 몇 명 남으면 되는지 이거 뭐야	
오른쪽으로 가면 버튼만 누르면 되는데 그걸로 가지를 못해서 Wallace apostle 고민해 안 맞아	
오른쪽으로 내려가면 되지	
오예에	
오케이	
오케이 내가 답답했구만	
오케이 둘이 밀지 두 명 딱 맞지	
오케이 알겠습니다	
오케이 알겠죠	
오케이 오케이	
오케이 자 누구시죠	
올라가	
올라가고 해서 이제 다 끌고 올라가주면 돼요	
올라오세요	
왜 뒤로 가노	
왼쪽 두 명 흰색 주황색부터 할게 주황색 내려가	
왼쪽 위 왼쪽 아래 오른쪽 위 오른쪽 아 바로 시작이네	
왼쪽으로 쭉 밀어 계속 밀어	
요시	
요시 다 올라가면 안돼요	
요시 열쇠 열쇠 열쇠 자 여기 내려가면 되지	
요시죠	
요오쓰 피크닷	
용차 용차 아니 꾹 누르고 있어야돼 꾹 이거 누가 지금 깔닥깔닥거리는데 이거 누구야	
우리 그러니까 맨 위에 올라간 사람은 점프를 한 다음에 그거 맞춰야 돼요	
우리 따라가면 되고 자	
우리 마이크 다 끄고 하는 게 어때요	
우리 쎈미니 한번 맞춰줍시다	
우리부터 봐요	
움직여	
위에 키	
위에서부터 밀자 한 명부터 밀자	
응 내꺼야	
응 천천히 올라가 한 명씩 그렇지	
이거	
이거 13초라는 거 같은데 내가 봤을 때 이건 타임어택인 거 같아	
이거 1초	
이거 고개 왜 이거 고개 사야 올라가시고 얘들아 아 오케이 이렇게 하는 거였어	
이거 다시 해야 돼	
이거 뭐야	
이거 밀어	
이거 아 이거 다 먹는 거네	
이거 안 맞아	
이거 어떻게 올라가지	
이거 어몽어스 그것 때문에 안 맞아	
이거 오른쪽에 넘어가신 4분이 왼쪽으로 밀어주세요	
이거 올라가는 것도 발판 해줘야돼 올라가서 발판 해줘	
이거 왜왜왜 일로 가자고	
이거 왼쪽 하아 여기 있었네	
이거 자 이거 똑같네	
이거 점프했어야 돼	
이거 할 수 있었는데 와	
이건 주인공병이 아니라 제가 한번 해볼게요	
이것도 똑같이 계단 만들어서 하면 되네	
이런걸 시행착오라고 합니다	
이렇게 할게요	
이렇게 해야겠네	
이야 오늘 가슴이 따뜻해졌나요	
이야아아아아아 이거다 이거다 좋았다	
이제	
이제 죽으면 안 돼	
이지	
이지하네요	
이지해 이지하니까 2편 할게요	
일단 가보자 일단 가보자 와봐 와봐 오른쪽으로 와봐	
일단 먹어	
일로 가야돼	
자 갑니다	
자 그다음에 영호 내려가 자 그다음에 김치 내려가 그다음에 김우자 내려가 그다음에 올라가요	
자 그러면 한 칸에 두 명씩만 가면 되네요	
자 내려갈 거예요	
자 내려오세요	
자 다같이 따라하시면 돼요	
자 다시 해 볼게요	
자 다음 아 이거 끌어주자 올려 다시 올려 올려 자 앞에 출발 앞에서 점프해서 넘어가자 그렇지 해주고 그 다음 점프 그 다음 점프 하세요	
자 마지막 노란색 까지 올라가고 이제 빨간색만 움직이면 돼	
자 비켜주세요	
자 비켜주세요 비키세요	
자 앞에 계시는 빨간색부터 머리 밟으면 누군지 말씀해주시면 됩니다 누구시죠	
자 여기 4명만 밀으세요	
자 여러분들 우리 전에 시기 폄하 이런거 외쳤죠	
자 여러분들 저번 어머머즈 영상 재밌게 보셨나요	
자 여러분들 지금 4방이잖아요	
자 오늘은 우리 사랑스러운 주문을 해봅시다	
자 오케이 다음 턴 가자	
자 오케이 오케이	
자 올라가 먹어	
자 유쓰 이기쑤 오오오 오케이 잡아 점프해 점프해 점프했어요	
자 이거를 한 명만 밟으면 되는 거잖아	
자 이건 알죠	
자 이러고 우리 다 가만히 있을거에요	
자 이번에는 줄이 없네요	
자 이제 마이크 키세요	
자 이제 비켜줘 비켜줘 비켜줘 보라색 비켜 파란색 비켜	
자 천천히 또 올라가죠	
자 출발 그 다음 출발 그렇지 빨간색 출발 그렇지	
잼민아	
저 뜁니다	
저거 먹어야돼 오케이 7초 7초 비켜 비켜야 돼 3초 2초 점프 비켜 비켜 오케이 먹어 먹어 아까보다 더 빨라 한숨 자고 와도 돼	
저한테 아니 저기 이쪽으로 오시라고요	
저희는 이렇게 합동하는 것보다 서로 치고 박고 싸워야죠	
전기 안 통하게 조심	
절대 먼저 가려고 하지 마	
점프	
점프 그렇지 밟아줘	
점프 하세요	
정말 너무 똑똑해 너무 쉽다	
제가 문 열어드리죠	
제발 아 이거 답답해 죽겠네	
좋아	
좋아요 좋아요	
좋았다	
좋았다 좋았다	
주황색	
준비하시고 쓰리 투 어	
줄다리기	
중앙색 내려가	
지금 또 맨 위에 하고 싶어가지고 그냥 주인공병 걸러가지고 누구야	
지렸다 지렸다 아 나이스 나이스 아니 레게는 진짜 말 두껍게 안 들어	
지우였어요	
직진	
진짜 아닙니다	
진짜로	
찾아야 돼	
출발	
출발 출발 한 명만 밀어주고 자 이거는 이제 한 명씩 밟아야 돼	
키 좀 크지	
평화	
피타고라스 정의를 이용해서 한번 만들어보자구요 올라갈 수 있게 그렇지 밟아주고 그렇지 다음 올라갈 수 있게 밟아줘	
핑크색 올라가서 만들어주시고 그다음 내려가	
하나 둘 여시 자 올려 으아 올려 으아 올려 올려 올려 올려 그렇지	
하나씩 가자고	
하여튼이에요	
하하하하하하 아니 뒤로 가졌다니까요	
하하하하하하 아니 유현이 왜 뒤로 가세요	
하하하하하하하하 이거 뭐야	
한 명 올라가야겠다	
한 명씩 내려가 한 명씩	
한 명씩 밀자	
한 번 더 네	
한다	
행복	
호이야	
혹시 좌네만 사용하지 마시고 우네 좀 써주실래요	
힘 받는다	
